digest,hash,run_id,time,reward,data,forced_terminal,smiles,max_spin,spin_buried_vol,ionization_energy,electron_affinity,bde,bde_diff,substruct,num_atoms
07f5462f96cc67ad8e0e71f16dcebf1d9f91453a85447a6d01d94066b2e0104d,5963312735268043700,stable_rad_c_large,2021-06-25 04:17:17.772268,185.50459039211273,"{'max_spin': '0.32704526', 'spin_buried_vol': '51.856853', 'ionization_energy': '0.8947408199310303', 'electron_affinity': '-0.26322177052497864', 'bde': '76.32283', 'bde_diff': '-4.0523224', 'forced_terminal': True, 'smiles': 'C=Cc1c([O])c(C)cn1O'}",True,C=Cc1c([O])c(C)cn1O,0.32704526,51.856853,0.8947408199310303,-0.26322177052497864,76.32283,-4.0523224,phenoxy,10
6ac66a1c979ac0277db0232e13b3207537f3ac0429ecb6319818b3b5c6136fa3,4705503543412016143,stable_rad_c_large,2021-06-25 04:09:57.668353,181.71466553211212,"{'max_spin': '0.29335874', 'spin_buried_vol': '46.382603', 'ionization_energy': '0.991340160369873', 'electron_affinity': '-0.381879985332489', 'bde': '65.18123', 'bde_diff': '9.485962', 'forced_terminal': True, 'smiles': '[O]N1CC(=O)C(O)=C1CO'}",True,[O]N1CC(=O)C(O)=C1CO,0.29335874,46.382603,0.991340160369873,-0.381879985332489,65.18123,9.485962,tempo,10
90a818e801f0d7148b292a0a5f312a38de3aed043917959dfc30c966532d526a,6944288671012534498,stable_rad_c_large,2021-06-25 04:07:44.073382,180.13381272554398,"{'max_spin': '0.34963736', 'spin_buried_vol': '47.61568', 'ionization_energy': '0.950190007686615', 'electron_affinity': '-0.3801908493041992', 'bde': '65.23185', 'bde_diff': '7.485588', 'forced_terminal': True, 'smiles': '[O]N1CCC(C=O)=C1CO'}",True,[O]N1CCC(C=O)=C1CO,0.34963736,47.61568,0.950190007686615,-0.3801908493041992,65.23185,7.485588,tempo,10
bedef8c53c073a6b96a0c9f4a9611eb73bab54b6bfeab28eb47553372469de1a,6372859495881059953,stable_rad_c_large,2021-06-25 04:17:48.103877,182.57944178581238,"{'max_spin': '0.39109862', 'spin_buried_vol': '52.134373', 'ionization_energy': '0.7520588636398315', 'electron_affinity': '-0.3768710792064667', 'bde': '75.62556', 'bde_diff': '-7.767891', 'forced_terminal': True, 'smiles': 'C=Cc1c([O])c(C)c(O)n1O'}",True,C=Cc1c([O])c(C)c(O)n1O,0.39109862,52.134373,0.7520588636398315,-0.3768710792064667,75.62556,-7.767891,phenoxy,11
ceaa5cb52d08625071561118abf192f7c68f3fcdddaeba5770c28c2ce80c39d9,290781345276364384,stable_rad_c_large,2021-06-25 04:10:30.492712,181.51032680273056,"{'max_spin': '0.3148909', 'spin_buried_vol': '47.25487', 'ionization_energy': '0.9509609937667847', 'electron_affinity': '-0.244063138961792', 'bde': '64.521194', 'bde_diff': '7.7695847', 'forced_terminal': True, 'smiles': 'COC1=C(CO)N([O])CC1=O'}",True,COC1=C(CO)N([O])CC1=O,0.3148909,47.25487,0.9509609937667847,-0.244063138961792,64.521194,7.7695847,tempo,11
9fe960d23a80434fb5122d3c40b5f02dce241ddac170e1ae454a9e076c24d8b1,2556123768748060940,stable_rad_c_large,2021-06-25 04:33:09.454182,180.4240357875824,"{'max_spin': '0.244488', 'spin_buried_vol': '47.957344', 'ionization_energy': '0.7457350492477417', 'electron_affinity': '-0.3213818073272705', 'bde': '75.83692', 'bde_diff': '1.7105103', 'forced_terminal': True, 'smiles': 'C=Cc1[nH]c2c(c1[O])C=CC2'}",True,C=Cc1[nH]c2c(c1[O])C=CC2,0.244488,47.957344,0.7457350492477417,-0.3213818073272705,75.83692,1.7105103,phenoxy,11
21e19d167714cadf5b0245fbadd0b8f12ee20a678930359ad4fc0b1f3bfb4bbf,4269185800990933070,stable_rad_c_large,2021-06-25 04:27:27.828207,180.2858722805977,"{'max_spin': '0.46317896', 'spin_buried_vol': '53.44482', 'ionization_energy': '0.9378570318222046', 'electron_affinity': '-0.31117334961891174', 'bde': '74.11479', 'bde_diff': '-10.651764', 'forced_terminal': True, 'smiles': 'Cc1c(O)oc([C@@H](C)N)c1[O]'}",True,Cc1c(O)oc([C@@H](C)N)c1[O],0.46317896,53.44482,0.9378570318222046,-0.31117334961891174,74.11479,-10.651764,phenoxy,11
5ea4b230d714d19ee52e853a289b074e94560e92e70cc8c3c6092361b6d3f434,6876714382660217046,stable_rad_c_large,2021-06-25 05:05:28.155208,188.01326199940272,"{'max_spin': '0.30058298', 'spin_buried_vol': '55.172726', 'ionization_energy': '0.8179680705070496', 'electron_affinity': '-0.2788156569004059', 'bde': '76.1173', 'bde_diff': '-3.3305283', 'forced_terminal': True, 'smiles': 'Cc1c2o[nH]cc-2c(CS)c1[O]'}",True,Cc1c2o[nH]cc-2c(CS)c1[O],0.30058298,55.172726,0.8179680705070496,-0.2788156569004059,76.1173,-3.3305283,phenoxy,12
030677003e2f0c7c9ab6a0b37f736a8276cf1319bea9973130d5856ba55c4893,2848195200664809140,stable_rad_c_large,2021-06-25 04:20:44.758340,183.91084034102303,"{'max_spin': '0.32902756', 'spin_buried_vol': '52.39925', 'ionization_energy': '0.9634478092193604', 'electron_affinity': '-0.13420656323432922', 'bde': '76.4476', 'bde_diff': '-10.419579', 'forced_terminal': True, 'smiles': 'C=C(C#N)c1[nH]c(O)c(C)c1[O]'}",True,C=C(C#N)c1[nH]c(O)c(C)c1[O],0.32902756,52.39925,0.9634478092193604,-0.13420656323432922,76.4476,-10.419579,phenoxy,12
34ec6b53f1a4af607d8bd44eefce36ea5ab482bab4c397271caf3ff785a9570e,4394223573451319187,stable_rad_c_large,2021-06-25 04:23:21.457319,183.80130906190192,"{'max_spin': '0.22119759', 'spin_buried_vol': '47.875957', 'ionization_energy': '0.8004179000854492', 'electron_affinity': '-0.4108611047267914', 'bde': '76.6841', 'bde_diff': '5.1446457', 'forced_terminal': True, 'smiles': 'COC1=C(N)N([O])C(=O)C1(C)C'}",True,COC1=C(N)N([O])C(=O)C1(C)C,0.22119759,47.875957,0.8004179000854492,-0.4108611047267914,76.6841,5.1446457,tempo,12
389c37fca7c7fe07154cfedd0f1352dc512b8229635272793045bb70c7df67cb,2151821450101989581,stable_rad_c_large,2021-06-25 05:54:27.787721,183.79966402053833,"{'max_spin': '0.39871764', 'spin_buried_vol': '53.735546', 'ionization_energy': '0.8592206239700317', 'electron_affinity': '-0.35272160172462463', 'bde': '75.31671', 'bde_diff': '6.355789', 'forced_terminal': True, 'smiles': 'C=Cc1c([O])c(C)c(CS)n1N'}",True,C=Cc1c([O])c(C)c(CS)n1N,0.39871764,53.735546,0.8592206239700317,-0.35272160172462463,75.31671,6.355789,phenoxy,12
5a3e33d55ec5963f56ab240195c3aef83ebc8de769e296d26226ba57810783bd,784080795827696240,stable_rad_c_large,2021-06-25 04:41:32.678910,183.0119929909706,"{'max_spin': '0.315608', 'spin_buried_vol': '48.792393', 'ionization_energy': '0.9207856059074402', 'electron_affinity': '-0.36469539999961853', 'bde': '64.604904', 'bde_diff': '7.496475', 'forced_terminal': True, 'smiles': 'COC1=C(CNO)N([O])CC1=O'}",True,COC1=C(CNO)N([O])CC1=O,0.315608,48.792393,0.9207856059074402,-0.36469539999961853,64.604904,7.496475,tempo,12
37d2357391a741535531571ad4b06ad1fa19e3574431daf9f45d7aa3fe3ca2c6,1196238980258765467,stable_rad_c_large,2021-06-25 04:28:22.958255,182.85380083322525,"{'max_spin': '0.31330034', 'spin_buried_vol': '48.518818', 'ionization_energy': '0.8219848871231079', 'electron_affinity': '-0.3159424066543579', 'bde': '75.85161', 'bde_diff': '1.8536606', 'forced_terminal': True, 'smiles': 'C=Cc1[nH]c(OO)c(CC)c1[O]'}",True,C=Cc1[nH]c(OO)c(CC)c1[O],0.31330034,48.518818,0.8219848871231079,-0.3159424066543579,75.85161,1.8536606,phenoxy,12
69d67e124db38a7f843af473f6e3aaa24e7d069d10984dd788d1f75aec3e6328,2673505564282108893,stable_rad_c_large,2021-06-25 05:54:13.582616,181.8446387052536,"{'max_spin': '0.41817337', 'spin_buried_vol': '52.753307', 'ionization_energy': '1.0054144859313965', 'electron_affinity': '-0.11968087404966354', 'bde': '76.38927', 'bde_diff': '4.077484', 'forced_terminal': True, 'smiles': 'Nn1c(CO)c([O])c2c1CSC2'}",True,Nn1c(CO)c([O])c2c1CSC2,0.41817337,52.753307,1.0054144859313965,-0.11968087404966354,76.38927,4.077484,phenoxy,12
c4f8c9e8f7d80b8ebad03d0baec3921aa58974a4281be587b8c0e493419fd9a2,5570028598916340759,stable_rad_c_large,2021-06-25 04:10:28.766031,181.1982459085328,"{'max_spin': '0.31944326', 'spin_buried_vol': '50.031666', 'ionization_energy': '1.11003839969635', 'electron_affinity': '-0.15543434023857117', 'bde': '64.48613', 'bde_diff': '8.871864', 'forced_terminal': True, 'smiles': 'COC1=C(C(O)O)N([O])CC1=O'}",True,COC1=C(C(O)O)N([O])CC1=O,0.31944326,50.031666,1.11003839969635,-0.15543434023857117,64.48613,8.871864,tempo,12
5b64f1e4464ac5979b38f402676eabbed53b0fb735479e72756ad3299ae20443,8726211394458555291,stable_rad_c_large,2021-06-25 04:10:33.368667,181.09227854013443,"{'max_spin': '0.3228533', 'spin_buried_vol': '47.234943', 'ionization_energy': '0.9326118230819702', 'electron_affinity': '-0.20983192324638367', 'bde': '64.555305', 'bde_diff': '8.029022', 'forced_terminal': True, 'smiles': 'CCOC1=C(CO)N([O])CC1=O'}",True,CCOC1=C(CO)N([O])CC1=O,0.3228533,47.234943,0.9326118230819702,-0.20983192324638367,64.555305,8.029022,tempo,12
57504d87762cb5c4e668cf87da4a7db3b30355ce51506e92166761d18aee2ae5,944520275452472637,stable_rad_c_large,2021-06-25 05:24:54.833459,180.7595351934433,"{'max_spin': '0.4498647', 'spin_buried_vol': '53.25277', 'ionization_energy': '0.9607880711555481', 'electron_affinity': '-0.21035748720169067', 'bde': '76.00174', 'bde_diff': '0.78525543', 'forced_terminal': True, 'smiles': 'CSc1oc(C(N)N)c([O])c1C'}",True,CSc1oc(C(N)N)c([O])c1C,0.4498647,53.25277,0.9607880711555481,-0.21035748720169067,76.00174,0.78525543,phenoxy,12
4fda4e17e25444d837d747169d28afe4bab22899b0a996bef302a369a58be100,7901199308671269380,stable_rad_c_large,2021-06-25 04:23:55.543040,194.51277634075709,"{'max_spin': '0.2642016', 'spin_buried_vol': '60.531055', 'ionization_energy': '0.7419070601463318', 'electron_affinity': '-0.3485497534275055', 'bde': '75.61012', 'bde_diff': '21.421555', 'forced_terminal': True, 'smiles': 'C=NC1=C(OC)C(C)(C)C(=O)N1[O]'}",True,C=NC1=C(OC)C(C)(C)C(=O)N1[O],0.2642016,60.531055,0.7419070601463318,-0.3485497534275055,75.61012,21.421555,tempo,13
0a1e4dc5ca8d8d0ab87eb7fc763b7d60b5339edb564be2065ef2b60e7551bcb1,5806856239961080510,stable_rad_c_large,2021-06-25 04:23:59.864031,190.52638016428267,"{'max_spin': '0.24722362', 'spin_buried_vol': '61.63823', 'ionization_energy': '1.1643961668014526', 'electron_affinity': '-0.19276660680770874', 'bde': '76.6841', 'bde_diff': '6.332321', 'forced_terminal': True, 'smiles': 'CC1(C)C(=O)N([O])C(N)=C1OC=O'}",True,CC1(C)C(=O)N([O])C(N)=C1OC=O,0.24722362,61.63823,1.1643961668014526,-0.19276660680770874,76.6841,6.332321,tempo,13
d033f5bedd8cc9cd25e5386860e0084e7c8bec2499af5433477fc65cbdf12f7d,4806215435559578077,stable_rad_c_large,2021-06-25 04:58:33.687403,187.94358456134796,"{'max_spin': '0.3919596', 'spin_buried_vol': '57.541565', 'ionization_energy': '0.8167735934257507', 'electron_affinity': '-0.3811284005641937', 'bde': '74.534424', 'bde_diff': '10.155113', 'forced_terminal': True, 'smiles': 'C=Cc1c([O])c(C)c(CC)n1CS'}",True,C=Cc1c([O])c(C)c(CC)n1CS,0.3919596,57.541565,0.8167735934257507,-0.3811284005641937,74.534424,10.155113,phenoxy,13
1b96ed14353d97cf8beda303827a3c08852ed377c23e1689b3e2b9ed14a4eb95,5638830607040225307,stable_rad_c_large,2021-06-25 04:23:26.992430,187.23177123069763,"{'max_spin': '0.2077657', 'spin_buried_vol': '47.68542', 'ionization_energy': '0.8584945201873779', 'electron_affinity': '-0.28658509254455566', 'bde': '76.6841', 'bde_diff': '6.332321', 'forced_terminal': True, 'smiles': 'C=COC1=C(N)N([O])C(=O)C1(C)C'}",True,C=COC1=C(N)N([O])C(=O)C1(C)C,0.2077657,47.68542,0.8584945201873779,-0.28658509254455566,76.6841,6.332321,tempo,13
526f3a4f026f804164a197448e6353e568305ab4385640a7c53ec3d845ea65e1,8547358245849943517,stable_rad_c_large,2021-06-25 04:23:44.550381,186.71024823188782,"{'max_spin': '0.22200048', 'spin_buried_vol': '47.875637', 'ionization_energy': '0.9026144742965698', 'electron_affinity': '-0.337964802980423', 'bde': '76.6841', 'bde_diff': '4.9189453', 'forced_terminal': True, 'smiles': 'CC1(C)C(=O)N([O])C(N)=C1OCS'}",True,CC1(C)C(=O)N([O])C(N)=C1OCS,0.22200048,47.875637,0.9026144742965698,-0.337964802980423,76.6841,4.9189453,tempo,13
bc2b23aa5eb19fdfe54ca0ff0eddf902fa165c1635b2221314eb8e7c73939430,8151161051274804000,stable_rad_c_large,2021-06-25 04:23:57.418668,185.2037664949894,"{'max_spin': '0.21843372', 'spin_buried_vol': '49.127438', 'ionization_energy': '0.8143707513809204', 'electron_affinity': '-0.41135185956954956', 'bde': '76.47841', 'bde_diff': '4.150406', 'forced_terminal': True, 'smiles': 'CC[C@@]1(C)C(=O)N([O])C(N)=C1OC'}",True,CC[C@@]1(C)C(=O)N([O])C(N)=C1OC,0.21843372,49.127438,0.8143707513809204,-0.41135185956954956,76.47841,4.150406,tempo,13
56e62236c814af8dbb4a3c2d47b75b0ac1bdcf02e8e3083004deb457f8ac78d4,8876759181855394419,stable_rad_c_large,2021-06-25 04:30:01.342720,185.1509355625936,"{'max_spin': '0.33857137', 'spin_buried_vol': '53.744267', 'ionization_energy': '1.0110336542129517', 'electron_affinity': '-0.09009522944688797', 'bde': '76.59561', 'bde_diff': '10.81823', 'forced_terminal': True, 'smiles': 'C=C(C)c1[nH]c(C(=O)S)c(C)c1[O]'}",True,C=C(C)c1[nH]c(C(=O)S)c(C)c1[O],0.33857137,53.744267,1.0110336542129517,-0.09009522944688797,76.59561,10.81823,phenoxy,13
acd6b62a5e662ef2465671f7931e1938083bbee588bc1a8f450ce446a23ba642,6938033342102265987,stable_rad_c_large,2021-06-25 04:23:52.984310,183.88609664780756,"{'max_spin': '0.22698784', 'spin_buried_vol': '47.872887', 'ionization_energy': '0.7675942182540894', 'electron_affinity': '-0.4073389768600464', 'bde': '76.6841', 'bde_diff': '4.9189453', 'forced_terminal': True, 'smiles': 'CCOC1=C(N)N([O])C(=O)C1(C)C'}",True,CCOC1=C(N)N([O])C(=O)C1(C)C,0.22698784,47.872887,0.7675942182540894,-0.4073389768600464,76.6841,4.9189453,tempo,13
b74639c139b4d20bfc51ca0f22b20adfcd2e20eb2275aa58c66f0b04e38e9304,7966494259669088817,stable_rad_c_large,2021-06-25 04:51:24.164522,182.12065166022097,"{'max_spin': '0.23827778', 'spin_buried_vol': '50.687336', 'ionization_energy': '0.9969087839126587', 'electron_affinity': '-0.10774495452642441', 'bde': '78.09752', 'bde_diff': '5.716461', 'forced_terminal': True, 'smiles': 'Cc1[nH]c(/C(O)=N\\O)c([O])c1CS'}",True,Cc1[nH]c(/C(O)=N\O)c([O])c1CS,0.23827778,50.687336,0.9969087839126587,-0.10774495452642441,78.09752,5.716461,phenoxy,13
133b6cfb682090a0214f8db8bce883cb8c3eb9c4d47d01fde8c1a236f5d44e10,7277352592692065842,stable_rad_c_large,2021-06-25 04:52:10.483836,181.93586166628768,"{'max_spin': '0.2579541', 'spin_buried_vol': '50.732395', 'ionization_energy': '0.9672572016716003', 'electron_affinity': '-0.09435372799634933', 'bde': '75.3405', 'bde_diff': '7.444435', 'forced_terminal': True, 'smiles': 'CCc1[nH]c(/C(O)=N/O)c([O])c1C'}",True,CCc1[nH]c(/C(O)=N/O)c([O])c1C,0.2579541,50.732395,0.9672572016716003,-0.09435372799634933,75.3405,7.444435,phenoxy,13
f6d3eb6166d56e957fdbb2546615a6677d72dfeb222e9cbacc2b87cdf2991426,5480586758046941831,stable_rad_c_large,2021-06-25 05:21:28.028813,181.57783319694656,"{'max_spin': '0.23020901', 'spin_buried_vol': '53.35143', 'ionization_energy': '0.6375439763069153', 'electron_affinity': '-0.47260358929634094', 'bde': '72.63704', 'bde_diff': '1.9023666', 'forced_terminal': True, 'smiles': 'Cc1c([O])c2n(c1N)C(=O)CC=C2'}",True,Cc1c([O])c2n(c1N)C(=O)CC=C2,0.23020901,53.35143,0.6375439763069153,-0.47260358929634094,72.63704,1.9023666,phenoxy,13
1c87a2184d67d2047452039731d0bfdc63429e6a0955e0d5091a79ef5421074d,5933332829964322829,stable_rad_c_large,2021-06-25 05:52:36.973725,181.4580361247063,"{'max_spin': '0.3005537', 'spin_buried_vol': '49.27255', 'ionization_energy': '1.0475592613220215', 'electron_affinity': '-0.21345111727714539', 'bde': '77.40982', 'bde_diff': '3.7425995', 'forced_terminal': True, 'smiles': 'C/C=C\\c1c(C)c([O])c(C)n1N=O'}",True,C/C=C\c1c(C)c([O])c(C)n1N=O,0.3005537,49.27255,1.0475592613220215,-0.21345111727714539,77.40982,3.7425995,phenoxy,13
6b38984bfd7be35dc3c5a60fcadf20d377f0c6bc60e961d4895aa3fa7093688d,243516166168981528,stable_rad_c_large,2021-06-25 04:40:05.878952,181.43072402477264,"{'max_spin': '0.41863734', 'spin_buried_vol': '52.36259', 'ionization_energy': '0.8376501202583313', 'electron_affinity': '-0.3308688700199127', 'bde': '73.56071', 'bde_diff': '4.234932', 'forced_terminal': True, 'smiles': 'Cc1c(N)oc(CSC(O)O)c1[O]'}",True,Cc1c(N)oc(CSC(O)O)c1[O],0.41863734,52.36259,0.8376501202583313,-0.3308688700199127,73.56071,4.234932,phenoxy,13
174f8185c7a0a0bf93b4210d276ef9bac64730bd6dddd827b64d2ec6628cc631,4083733618480415537,stable_rad_c_large,2021-06-25 04:54:23.671741,181.3320514857769,"{'max_spin': '0.24558736', 'spin_buried_vol': '43.61142', 'ionization_energy': '1.0361055135726929', 'electron_affinity': '-0.2734554708003998', 'bde': '76.551544', 'bde_diff': '7.764717', 'forced_terminal': True, 'smiles': 'C#C/C=C/c1oc(C)c([O])c1C=C'}",True,C#C/C=C/c1oc(C)c([O])c1C=C,0.24558736,43.61142,1.0361055135726929,-0.2734554708003998,76.551544,7.764717,phenoxy,13
e8fc30344ad5afd856930504a5de7a94ef97f2bdfa0b3e0a590eac5c899e91d8,1257873860558612494,stable_rad_c_large,2021-06-25 05:53:56.660727,181.2024039030075,"{'max_spin': '0.37951714', 'spin_buried_vol': '54.00484', 'ionization_energy': '0.9258935451507568', 'electron_affinity': '-0.31315281987190247', 'bde': '77.68709', 'bde_diff': '4.1956863', 'forced_terminal': True, 'smiles': 'C=Cc1c([O])c(CO)c(CS)n1N'}",True,C=Cc1c([O])c(CO)c(CS)n1N,0.37951714,54.00484,0.9258935451507568,-0.31315281987190247,77.68709,4.1956863,phenoxy,13
a51bba5ce3992b273de06824f18eff2d5a651bb634c157ab6e2a9ea13711b05d,6999800153567177548,stable_rad_c_large,2021-06-25 05:26:03.060397,181.1640875339508,"{'max_spin': '0.3044604', 'spin_buried_vol': '58.13117', 'ionization_energy': '0.7597872018814087', 'electron_affinity': '-0.3571959137916565', 'bde': '79.798416', 'bde_diff': '-11.606224', 'forced_terminal': True, 'smiles': 'C=C1C(O)=CCn2cc(C)c([O])c21'}",True,C=C1C(O)=CCn2cc(C)c([O])c21,0.3044604,58.13117,0.7597872018814087,-0.3571959137916565,79.798416,-11.606224,phenoxy,13
b6b5666188e47adc22505c5366ce1fcefd027a88ffaa975f42fa1063300f56f6,608966361865245289,stable_rad_c_large,2021-06-25 05:23:02.000193,180.81493386200498,"{'max_spin': '0.29500926', 'spin_buried_vol': '57.018337', 'ionization_energy': '0.7422356009483337', 'electron_affinity': '-0.3329356908798218', 'bde': '78.5352', 'bde_diff': '0.50720215', 'forced_terminal': True, 'smiles': 'C=C(O)/C(=C\\C)c1[nH]cc(C)c1[O]'}",True,C=C(O)/C(=C\C)c1[nH]cc(C)c1[O],0.29500926,57.018337,0.7422356009483337,-0.3329356908798218,78.5352,0.50720215,phenoxy,13
ed11ff613f134ce87448979f99961366225b2425b4337d11168dde7fd088b807,4553828182591123389,stable_rad_c_large,2021-06-25 05:20:33.245506,180.50118003572737,"{'max_spin': '0.26981142', 'spin_buried_vol': '53.21684', 'ionization_energy': '0.8875550031661987', 'electron_affinity': '-0.21548691391944885', 'bde': '78.73741', 'bde_diff': '0.39312744', 'forced_terminal': True, 'smiles': 'C/C=C\\c1sc2c(c1[O])C(C)=CC2'}",True,C/C=C\c1sc2c(c1[O])C(C)=CC2,0.26981142,53.21684,0.8875550031661987,-0.21548691391944885,78.73741,0.39312744,phenoxy,13
981552cf0cc7944dc4bf873ccf9f24f05bc54dd66c8a5fd850f7adb736dda231,7419989453450787419,stable_rad_c_large,2021-06-25 04:23:53.009851,200.23906061053276,"{'max_spin': '0.24589254', 'spin_buried_vol': '62.65015', 'ionization_energy': '0.923263430595398', 'electron_affinity': '-0.2969419062137604', 'bde': '76.69772', 'bde_diff': '7.7658997', 'forced_terminal': True, 'smiles': 'CC1(C)C(=O)N([O])C(N)=C1OC(=N)N'}",True,CC1(C)C(=O)N([O])C(N)=C1OC(=N)N,0.24589254,62.65015,0.923263430595398,-0.2969419062137604,76.69772,7.7658997,tempo,14
8ecce027c02f1ba4602c9f9cbe746609da0977d59f47281d137b1e8a1ab02a0a,2194728955037110080,stable_rad_c_large,2021-06-25 05:55:03.894272,198.7944454550743,"{'max_spin': '0.29502395', 'spin_buried_vol': '66.08751', 'ionization_energy': '1.071526288986206', 'electron_affinity': '-0.2511236071586609', 'bde': '77.3445', 'bde_diff': '3.3702164', 'forced_terminal': True, 'smiles': 'C/C=C1/CCC2=C1C(C)(C)C(=O)N2[O]'}",True,C/C=C1/CCC2=C1C(C)(C)C(=O)N2[O],0.29502395,66.08751,1.071526288986206,-0.2511236071586609,77.3445,3.3702164,tempo,14
d60311c9fa1cf75ccd43f1039eba46de07d7ab0ad830ddd2a9f3082ba5492690,4346098629533300685,stable_rad_c_large,2021-06-25 04:25:32.613649,197.29520162940025,"{'max_spin': '0.24341436', 'spin_buried_vol': '59.46592', 'ionization_energy': '0.8879697918891907', 'electron_affinity': '-0.30444905161857605', 'bde': '71.76059', 'bde_diff': '-2.849434', 'forced_terminal': True, 'smiles': 'CC1=CC(=O)CSC2=C1C=CCN2[O]'}",True,CC1=CC(=O)CSC2=C1C=CCN2[O],0.24341436,59.46592,0.8879697918891907,-0.30444905161857605,71.76059,-2.849434,tempo,14
8f6001522dc4f180e2ff9c02a62a4b590c71f49ec999367f9aad81d1b0e21428,7772891013593689932,stable_rad_c_large,2021-06-25 04:21:04.857888,192.54536852240562,"{'max_spin': '0.21017738', 'spin_buried_vol': '53.054237', 'ionization_energy': '1.0758482217788696', 'electron_affinity': '-0.12648218870162964', 'bde': '72.79789', 'bde_diff': '12.616646', 'forced_terminal': True, 'smiles': 'C=C/C=C1\\C(=S)N([O])C(C(N)=O)=C1N'}",True,C=C/C=C1\C(=S)N([O])C(C(N)=O)=C1N,0.21017738,53.054237,1.0758482217788696,-0.12648218870162964,72.79789,12.616646,tempo,14
3b98ac2b8b47eed553f0b219694c7f4559ef84b39d05b5bb5b97b3d6447da622,2152540727969903032,stable_rad_c_large,2021-06-25 04:23:34.457013,190.0719999756132,"{'max_spin': '0.25370926', 'spin_buried_vol': '63.078815', 'ionization_energy': '1.1785789728164673', 'electron_affinity': '-0.2284717559814453', 'bde': '76.69772', 'bde_diff': '7.7658997', 'forced_terminal': True, 'smiles': 'CC1(C)C(=O)N([O])C(N)=C1OC(=O)S'}",True,CC1(C)C(=O)N([O])C(N)=C1OC(=O)S,0.25370926,63.078815,1.1785789728164673,-0.2284717559814453,76.69772,7.7658997,tempo,14
9ccf7b5ad7b7aaba985e0255a87f7638e9c1d093d594259cf0dc178bf808ac42,217643871139042101,stable_rad_c_large,2021-06-25 04:53:28.254547,188.65330082178116,"{'max_spin': '0.30531022', 'spin_buried_vol': '53.91881', 'ionization_energy': '0.7426652908325195', 'electron_affinity': '-0.38065558671951294', 'bde': '75.76378', 'bde_diff': '6.846306', 'forced_terminal': True, 'smiles': 'Cc1c2nc(=O)c(=N)c-2c(CN)c1[O]'}",True,Cc1c2nc(=O)c(=N)c-2c(CN)c1[O],0.30531022,53.91881,0.7426652908325195,-0.38065558671951294,75.76378,6.846306,phenoxy,14
7d7a5acb3e0b4f695181225d24cf479fbf350546986688f699af1661ddc7c142,4741716709206555365,stable_rad_c_large,2021-06-25 04:58:53.455255,187.78336745500565,"{'max_spin': '0.38207397', 'spin_buried_vol': '56.887066', 'ionization_energy': '1.0315457582473755', 'electron_affinity': '-0.12583360075950623', 'bde': '75.6756', 'bde_diff': '-3.0978165', 'forced_terminal': True, 'smiles': 'C=Cc1c([O])c(C)c(S)n1C(=O)CC'}",True,C=Cc1c([O])c(C)c(S)n1C(=O)CC,0.38207397,56.887066,1.0315457582473755,-0.12583360075950623,75.6756,-3.0978165,phenoxy,14
71edd884d550476d0d2bfb867353d2e7cc6cbc0bc64557b5c6db9c28b208fea3,2334002853553704769,stable_rad_c_large,2021-06-25 05:26:25.234161,184.65069323778152,"{'max_spin': '0.3804904', 'spin_buried_vol': '57.962475', 'ionization_energy': '0.8033755421638489', 'electron_affinity': '-0.3506719768047333', 'bde': '77.80994', 'bde_diff': '-9.392586', 'forced_terminal': True, 'smiles': 'C=C1C=CCn2c(S)c(CC)c([O])c21'}",True,C=C1C=CCn2c(S)c(CC)c([O])c21,0.3804904,57.962475,0.8033755421638489,-0.3506719768047333,77.80994,-9.392586,phenoxy,14
b5d2f08c56ad2b2d9899b729d7666ecdfbd649d8e95f8489d464f81403e484f3,8212404192794790287,stable_rad_c_large,2021-06-25 04:25:09.245715,184.63846337795258,"{'max_spin': '0.29916078', 'spin_buried_vol': '53.026173', 'ionization_energy': '0.9659305810928345', 'electron_affinity': '-0.19671761989593506', 'bde': '77.581245', 'bde_diff': '1.4941254', 'forced_terminal': True, 'smiles': 'C=Cc1c([O])c(CC#N)c(N)n1N=O'}",True,C=Cc1c([O])c(CC#N)c(N)n1N=O,0.29916078,53.026173,0.9659305810928345,-0.19671761989593506,77.581245,1.4941254,phenoxy,14
080edb59c9c98275cfd12b5365cb84d41bc494df978abc3731f2309a36f956fc,4462333283442531939,stable_rad_c_large,2021-06-25 05:24:01.965007,184.49637553095818,"{'max_spin': '0.18814363', 'spin_buried_vol': '43.903557', 'ionization_energy': '1.0474698543548584', 'electron_affinity': '-0.07915530353784561', 'bde': '72.50752', 'bde_diff': '11.305443', 'forced_terminal': True, 'smiles': 'CC1=CC2=Cc3[nH]c(C)c([O])c3C2=C1'}",True,CC1=CC2=Cc3[nH]c(C)c([O])c3C2=C1,0.18814363,43.903557,1.0474698543548584,-0.07915530353784561,72.50752,11.305443,phenoxy,14
80972a0b0de551e762221ed70b7757cff0bcde539df9069930835f55759e66ac,715532282744916251,stable_rad_c_large,2021-06-25 04:48:22.411370,184.28052299576146,"{'max_spin': '0.4200531', 'spin_buried_vol': '55.36', 'ionization_energy': '1.0212477445602417', 'electron_affinity': '-0.09470190852880478', 'bde': '75.596504', 'bde_diff': '7.132454', 'forced_terminal': True, 'smiles': 'CCCc1c([O])c(CO)cn1NN=O'}",True,CCCc1c([O])c(CO)cn1NN=O,0.4200531,55.36,1.0212477445602417,-0.09470190852880478,75.596504,7.132454,phenoxy,14
4c8173f78c074e03584e03e906e22b21857da6b6f6f9cb795e6be291634a4448,1995085458706433105,stable_rad_c_large,2021-06-25 05:17:50.775945,183.66606032848358,"{'max_spin': '0.19475466', 'spin_buried_vol': '43.403793', 'ionization_energy': '1.076272964477539', 'electron_affinity': '-0.1764678955078125', 'bde': '73.00026', 'bde_diff': '-7.928581', 'forced_terminal': True, 'smiles': 'Cc1oc2c(c1[O])C1=C(O)C=CC1=C2'}",True,Cc1oc2c(c1[O])C1=C(O)C=CC1=C2,0.19475466,43.403793,1.076272964477539,-0.1764678955078125,73.00026,-7.928581,phenoxy,14
fd22696ca5be999a3bc4cd2fe949057dad12e98b14118835d6a51fec9a50693a,2774994515845813221,stable_rad_c_large,2021-06-25 04:58:49.549489,183.5261138677597,"{'max_spin': '0.34956104', 'spin_buried_vol': '54.760365', 'ionization_energy': '0.7740958333015442', 'electron_affinity': '-0.37343499064445496', 'bde': '77.66832', 'bde_diff': '8.183815', 'forced_terminal': True, 'smiles': 'C=Cc1c([O])c(CO)c2n1CCCS2'}",True,C=Cc1c([O])c(CO)c2n1CCCS2,0.34956104,54.760365,0.7740958333015442,-0.37343499064445496,77.66832,8.183815,phenoxy,14
2de71ef69af2a9585ad4749be3e1821fa540d61667de1858bb34beba246d4d59,8820589539102657687,stable_rad_c_large,2021-06-25 04:35:33.471671,183.48450183868408,"{'max_spin': '0.2840743', 'spin_buried_vol': '47.688217', 'ionization_energy': '0.8759217858314514', 'electron_affinity': '-0.3452143669128418', 'bde': '69.44551', 'bde_diff': '17.386253', 'forced_terminal': True, 'smiles': 'Cc1c(C#N)[nH]c(C(=O)S)c1N(C)[O]'}",True,Cc1c(C#N)[nH]c(C(=O)S)c1N(C)[O],0.2840743,47.688217,0.8759217858314514,-0.3452143669128418,69.44551,17.386253,t_ban,14
8cd3cc4acef0729e739ac70c832f1985b7ddc3cfeb7e3a2b248c36b4a4f685ef,9176976337106570671,stable_rad_c_large,2021-06-25 04:23:58.232766,183.27695912122726,"{'max_spin': '0.27798453', 'spin_buried_vol': '60.28032', 'ionization_energy': '0.9029608964920044', 'electron_affinity': '-0.33381110429763794', 'bde': '80.1611', 'bde_diff': '0.20209503', 'forced_terminal': True, 'smiles': 'C/N=N\\C1=C(OC)C(C)(C)C(=O)N1[O]'}",True,C/N=N\C1=C(OC)C(C)(C)C(=O)N1[O],0.27798453,60.28032,0.9029608964920044,-0.33381110429763794,80.1611,0.20209503,tempo,14
8e5f38c6bd75caa0b99cd08edb8542ae68ecd9015c883143f7a43f745075a998,5495811208897413919,stable_rad_c_large,2021-06-25 04:45:23.899071,183.20399808883667,"{'max_spin': '0.38901162', 'spin_buried_vol': '56.888874', 'ionization_energy': '0.8645003437995911', 'electron_affinity': '-0.2127043604850769', 'bde': '76.66833', 'bde_diff': '-2.9436035', 'forced_terminal': True, 'smiles': 'CNC(=O)[C@@H](NN)c1[nH]cc(C)c1[O]'}",True,CNC(=O)[C@@H](NN)c1[nH]cc(C)c1[O],0.38901162,56.888874,0.8645003437995911,-0.2127043604850769,76.66833,-2.9436035,phenoxy,14
ea005935f13602b9c1dbeaf807de09bb4c53ae6a4bcf119fe361a61dafb50b9f,6501161085617011920,stable_rad_c_large,2021-06-25 04:52:28.646953,182.9533601169075,"{'max_spin': '0.2624984', 'spin_buried_vol': '50.756878', 'ionization_energy': '1.1163455247879028', 'electron_affinity': '0.010333575308322906', 'bde': '75.48074', 'bde_diff': '-1.0222092', 'forced_terminal': True, 'smiles': 'Cc1c(CC#N)[nH]c(/C(O)=N/O)c1[O]'}",True,Cc1c(CC#N)[nH]c(/C(O)=N/O)c1[O],0.2624984,50.756878,1.1163455247879028,0.010333575308322906,75.48074,-1.0222092,phenoxy,14
52273eab2f7a0e18bc61905cd5d1827f1e34a75a23f20dfead7bd4860c1dfbfa,2240548609173782864,stable_rad_c_large,2021-06-25 04:11:22.494226,182.83091084020478,"{'max_spin': '0.24704905', 'spin_buried_vol': '49.017113', 'ionization_energy': '1.1191149950027466', 'electron_affinity': '-0.23920440673828125', 'bde': '69.01933', 'bde_diff': '13.21595', 'forced_terminal': True, 'smiles': 'C#Cc1sc(C=O)c(N(C)[O])c1CC'}",True,C#Cc1sc(C=O)c(N(C)[O])c1CC,0.24704905,49.017113,1.1191149950027466,-0.23920440673828125,69.01933,13.21595,t_ban,14
df5ad7dcdddd306aa3108b8975df06d6b4d60eebdf268574906ff85d498a386c,3149389560793289811,stable_rad_c_large,2021-06-25 04:40:36.050620,182.2192548087665,"{'max_spin': '0.20117646', 'spin_buried_vol': '59.864033', 'ionization_energy': '0.6874578595161438', 'electron_affinity': '-0.4449087083339691', 'bde': '60.40304', 'bde_diff': '18.842785', 'forced_terminal': True, 'smiles': 'C=C1C(=O)/C(CC)=C(C)\\N=C\\[N]N1C'}",True,C=C1C(=O)/C(CC)=C(C)\N=C\[N]N1C,0.20117646,59.864033,0.6874578595161438,-0.4449087083339691,60.40304,18.842785,verdazyl,14
c78698854814a36206e5696f7469acae806edf59d9e81f247ffaf65321a53afc,181377829183147757,stable_rad_c_large,2021-06-25 04:50:34.921095,181.45816764235497,"{'max_spin': '0.24912865', 'spin_buried_vol': '43.9146', 'ionization_energy': '1.0289918184280396', 'electron_affinity': '-0.23408100008964539', 'bde': '75.121155', 'bde_diff': '-6.4113846', 'forced_terminal': True, 'smiles': 'C/N=C1\\C(S)=C(C)c2[nH]c(C)c([O])c21'}",True,C/N=C1\C(S)=C(C)c2[nH]c(C)c([O])c21,0.24912865,43.9146,1.0289918184280396,-0.23408100008964539,75.121155,-6.4113846,phenoxy,14
0d13605f3f3b6f1ae19104bd6dd10f1634e623d49dadb62336f133af04b632e8,2789308220019892328,stable_rad_c_large,2021-06-25 05:23:06.361099,180.99326760641165,"{'max_spin': '0.29680496', 'spin_buried_vol': '55.34876', 'ionization_energy': '1.0838404893875122', 'electron_affinity': '0.05547560006380081', 'bde': '76.321014', 'bde_diff': '8.221115', 'forced_terminal': True, 'smiles': 'C=C1SC(=S)c2c([O])c(CC)n(C)c21'}",True,C=C1SC(=S)c2c([O])c(CC)n(C)c21,0.29680496,55.34876,1.0838404893875122,0.05547560006380081,76.321014,8.221115,phenoxy,14
07e95d5d1eae46e0a7a66640adf7814eb4324f62ef6a7dab2c56f03d72842820,6947600672913668822,stable_rad_c_large,2021-06-25 04:25:43.359712,180.97710806131363,"{'max_spin': '0.37293312', 'spin_buried_vol': '49.623764', 'ionization_energy': '0.8526109457015991', 'electron_affinity': '-0.2978234589099884', 'bde': '76.48943', 'bde_diff': '4.3221893', 'forced_terminal': True, 'smiles': 'Cc1c([O])c([C@@H](C)N)c(C(N)=S)n1N'}",True,Cc1c([O])c([C@@H](C)N)c(C(N)=S)n1N,0.37293312,49.623764,0.8526109457015991,-0.2978234589099884,76.48943,4.3221893,phenoxy,14
c334b2a0f5b1d29ad340229e332911f49f075d9b23a3ec34efe3f51ec614d421,8703572453407928176,stable_rad_c_large,2021-06-25 04:03:40.608524,180.89265090227127,"{'max_spin': '0.4516655', 'spin_buried_vol': '53.475925', 'ionization_energy': '0.9461029767990112', 'electron_affinity': '-0.28906139731407166', 'bde': '73.87571', 'bde_diff': '9.495178', 'forced_terminal': True, 'smiles': 'Cc1c([O])c(CN)n2c1C[C@@H](C)C2=O'}",True,Cc1c([O])c(CN)n2c1C[C@@H](C)C2=O,0.4516655,53.475925,0.9461029767990112,-0.28906139731407166,73.87571,9.495178,phenoxy,14
073ea29d5b77cc1c0da26022d5e539fb9063f94ace41b3740f9a5ce468a89999,940631571880599372,stable_rad_c_large,2021-06-25 04:52:48.088112,180.7638761997223,"{'max_spin': '0.26283634', 'spin_buried_vol': '43.905693', 'ionization_energy': '1.0189045667648315', 'electron_affinity': '-0.2655634582042694', 'bde': '75.088135', 'bde_diff': '4.9621353', 'forced_terminal': True, 'smiles': 'C/N=C1/C(C)=C(C)c2[nH]c(C)c([O])c21'}",True,C/N=C1/C(C)=C(C)c2[nH]c(C)c([O])c21,0.26283634,43.905693,1.0189045667648315,-0.2655634582042694,75.088135,4.9621353,phenoxy,14
b89b72200fcab3da4d43d8e14ca4c518a527bb558101a3c3b238e7426b7524d5,5215312406091105156,stable_rad_c_large,2021-06-25 05:07:17.897489,180.27827766537666,"{'max_spin': '0.22542106', 'spin_buried_vol': '43.96335', 'ionization_energy': '1.10586416721344', 'electron_affinity': '-0.1914384663105011', 'bde': '75.088135', 'bde_diff': '-5.159004', 'forced_terminal': True, 'smiles': 'CC1=C(S)c2[nH]c(C)c([O])c2/C1=N\\O'}",True,CC1=C(S)c2[nH]c(C)c([O])c2/C1=N\O,0.22542106,43.96335,1.10586416721344,-0.1914384663105011,75.088135,-5.159004,phenoxy,14
7e2183f0ab002e6aa0e1863c0c220002ed5fabc6c212a11090b3469d662f015f,2714271812231957931,stable_rad_c_large,2021-06-25 04:53:54.438490,180.11011036804743,"{'max_spin': '0.29909617', 'spin_buried_vol': '59.49883', 'ionization_energy': '0.6152210235595703', 'electron_affinity': '-0.36817479133605957', 'bde': '73.24156', 'bde_diff': '6.942726', 'forced_terminal': True, 'smiles': 'C/C=C(/CC#N)c1[nH]c(C)c(C)c1[O]'}",True,C/C=C(/CC#N)c1[nH]c(C)c(C)c1[O],0.29909617,59.49883,0.6152210235595703,-0.36817479133605957,73.24156,6.942726,phenoxy,14
9b4e6e949f1f88f1b0f5216bfb67047ec96eea000219b44d1256257bea418a0e,6466645518853382261,stable_rad_c_large,2021-06-25 05:51:29.751724,180.02032166719437,"{'max_spin': '0.3154939', 'spin_buried_vol': '45.795017', 'ionization_energy': '1.0441969633102417', 'electron_affinity': '-0.11322049051523209', 'bde': '65.055664', 'bde_diff': '8.845367', 'forced_terminal': True, 'smiles': '[O]N1CCC2=C1/C(=C1/CC1=O)C(=O)C2'}",True,[O]N1CCC2=C1/C(=C1/CC1=O)C(=O)C2,0.3154939,45.795017,1.0441969633102417,-0.11322049051523209,65.055664,8.845367,tempo,14
e65b120cdcc0fd3b0d55069c54140e6927a82b734579e939076717bcc4192c99,3377619536930035253,stable_rad_c_large,2021-06-25 04:23:50.986043,203.19097024202347,"{'max_spin': '0.21358714', 'spin_buried_vol': '63.870327', 'ionization_energy': '0.8620067834854126', 'electron_affinity': '-0.3168783485889435', 'bde': '76.5182', 'bde_diff': '4.090294', 'forced_terminal': True, 'smiles': 'CCOC1=C(N)N([O])C(=O)[C@@]1(CC)CO'}",True,CCOC1=C(N)N([O])C(=O)[C@@]1(CC)CO,0.21358714,63.870327,0.8620067834854126,-0.3168783485889435,76.5182,4.090294,tempo,15
46e9a86f265a239f440c2a851025d52d195657a3028b813e508d58676961286e,4318397219067137652,stable_rad_c_large,2021-06-25 04:23:59.824900,202.52251234650612,"{'max_spin': '0.21473972', 'spin_buried_vol': '64.31758', 'ionization_energy': '1.018553376197815', 'electron_affinity': '-0.2320108711719513', 'bde': '76.94882', 'bde_diff': '8.881195', 'forced_terminal': True, 'smiles': 'COC1=C(NC(=O)S)N([O])C(=O)C1(C)C'}",True,COC1=C(NC(=O)S)N([O])C(=O)C1(C)C,0.21473972,64.31758,1.018553376197815,-0.2320108711719513,76.94882,8.881195,tempo,15
f61b62209abb9514da64400d1a243de491f2cc7d8b66074ff4aed86a06985635,5937580690321252143,stable_rad_c_large,2021-06-25 04:23:31.625883,201.70070242881775,"{'max_spin': '0.25617516', 'spin_buried_vol': '64.50946', 'ionization_energy': '0.8483830690383911', 'electron_affinity': '-0.3017009198665619', 'bde': '76.26119', 'bde_diff': '-2.3121872', 'forced_terminal': True, 'smiles': 'CC1(C)C(=O)N([O])C(NN)=C1OC(N)=O'}",True,CC1(C)C(=O)N([O])C(NN)=C1OC(N)=O,0.25617516,64.50946,0.8483830690383911,-0.3017009198665619,76.26119,-2.3121872,tempo,15
be473fe1706335b37835760a822f6416f9237f0c79568a3de1a3d73c0f85823d,4237934131417850328,stable_rad_c_large,2021-06-25 04:23:59.728110,201.4542140364647,"{'max_spin': '0.2366431', 'spin_buried_vol': '63.402832', 'ionization_energy': '0.7755060791969299', 'electron_affinity': '-0.37044423818588257', 'bde': '76.69772', 'bde_diff': '-9.592621', 'forced_terminal': True, 'smiles': 'C/C=C(\\O)OC1=C(N)N([O])C(=O)C1(C)C'}",True,C/C=C(\O)OC1=C(N)N([O])C(=O)C1(C)C,0.2366431,63.402832,0.7755060791969299,-0.37044423818588257,76.69772,-9.592621,tempo,15
5f5e5e1a964fec2772bf5b778091fa0d4a1d898c1bb0c9646cd2e811dc9ad18a,1333621575431061291,stable_rad_c_large,2021-06-25 04:23:50.705457,200.39331036806107,"{'max_spin': '0.24534401', 'spin_buried_vol': '62.776974', 'ionization_energy': '1.0287960767745972', 'electron_affinity': '-0.26292717456817627', 'bde': '76.69772', 'bde_diff': '7.7658997', 'forced_terminal': True, 'smiles': 'CNC(=O)OC1=C(N)N([O])C(=O)C1(C)C'}",True,CNC(=O)OC1=C(N)N([O])C(=O)C1(C)C,0.24534401,62.776974,1.0287960767745972,-0.26292717456817627,76.69772,7.7658997,tempo,15
3199fcc2e5c3713250175cdbe0d42d5be95fd93ab8a87b334725092a54224277,1988941561742036111,stable_rad_c_large,2021-06-25 04:26:38.031228,198.86972504854202,"{'max_spin': '0.30833945', 'spin_buried_vol': '64.2867', 'ionization_energy': '0.8007509112358093', 'electron_affinity': '-0.33967462182044983', 'bde': '71.20683', 'bde_diff': '2.4016724', 'forced_terminal': True, 'smiles': 'CC1=C(CC(C)C)N(S)[N]C(C(=O)O)=N1'}",True,CC1=C(CC(C)C)N(S)[N]C(C(=O)O)=N1,0.30833945,64.2867,0.8007509112358093,-0.33967462182044983,71.20683,2.4016724,verdazyl,15
4028c1061baf2415671e8e433b7bd103d9b212c04eef411b90c4513090e66d52,2866586613887971568,stable_rad_c_large,2021-06-25 04:23:47.753496,197.54268250295098,"{'max_spin': '0.22457752', 'spin_buried_vol': '64.6064', 'ionization_energy': '0.6799618005752563', 'electron_affinity': '-0.40474238991737366', 'bde': '76.69772', 'bde_diff': '7.7658997', 'forced_terminal': True, 'smiles': 'C/C=C(/C)OC1=C(N)N([O])C(=O)C1(C)C'}",True,C/C=C(/C)OC1=C(N)N([O])C(=O)C1(C)C,0.22457752,64.6064,0.6799618005752563,-0.40474238991737366,76.69772,7.7658997,tempo,15
fdd2509ebc897c81e4ff40ed4f09c68b4c43d01efe637841cfacd3d4fd58e674,1702443578467997915,stable_rad_c_large,2021-06-25 05:00:56.018784,196.4674968123436,"{'max_spin': '0.26950482', 'spin_buried_vol': '59.942738', 'ionization_energy': '0.9265652894973755', 'electron_affinity': '-0.3393402695655823', 'bde': '74.662125', 'bde_diff': '3.1611557', 'forced_terminal': True, 'smiles': 'C/C=C1\\C(=S)N([O])C2=C1C(C)=C(C)CC2'}",True,C/C=C1\C(=S)N([O])C2=C1C(C)=C(C)CC2,0.26950482,59.942738,0.9265652894973755,-0.3393402695655823,74.662125,3.1611557,tempo,15
47c30a04c39af9f71c16560ad61a6e6b3f5ca801dbade7a9599a558dd012a0c5,7918937089235846304,stable_rad_c_large,2021-06-25 04:25:38.780259,196.0851826965809,"{'max_spin': '0.24560271', 'spin_buried_vol': '58.36532', 'ionization_energy': '1.0243464708328247', 'electron_affinity': '-0.24897834658622742', 'bde': '72.26814', 'bde_diff': '-3.058052', 'forced_terminal': True, 'smiles': 'C=C1SC2=C(C=CCN2[O])C(C)=CC1=O'}",True,C=C1SC2=C(C=CCN2[O])C(C)=CC1=O,0.24560271,58.36532,1.0243464708328247,-0.24897834658622742,72.26814,-3.058052,tempo,15
5408ff9906a652bc0e31a4ffb5e7f437741b00638529e052ff65948867ad35e0,3108522389899299630,stable_rad_c_large,2021-06-25 04:31:09.554063,193.57242384552956,"{'max_spin': '0.18870632', 'spin_buried_vol': '60.378326', 'ionization_energy': '0.921713650226593', 'electron_affinity': '-0.2358686327934265', 'bde': '78.63216', 'bde_diff': '-0.55120087', 'forced_terminal': True, 'smiles': 'C=CC(C=C)=C(CC)c1[nH]nc(C)c1[O]'}",True,C=CC(C=C)=C(CC)c1[nH]nc(C)c1[O],0.18870632,60.378326,0.921713650226593,-0.2358686327934265,78.63216,-0.55120087,phenoxy,15
ecf9363c4b8ebebf33f38abb3c5c36e549ee8173686633fd0da4cacbe9fe043e,2964285064058353696,stable_rad_c_large,2021-06-25 04:25:38.958571,193.32174535308565,"{'max_spin': '0.23097003', 'spin_buried_vol': '58.927288', 'ionization_energy': '0.7825375199317932', 'electron_affinity': '-0.4211990535259247', 'bde': '71.76059', 'bde_diff': '-2.849434', 'forced_terminal': True, 'smiles': 'CC1=C(C)C2=C(SCC1=O)N([O])CC=C2'}",True,CC1=C(C)C2=C(SCC1=O)N([O])CC=C2,0.23097003,58.927288,0.7825375199317932,-0.4211990535259247,71.76059,-2.849434,tempo,15
7bc7893408355ff0aab6c5eaca38eef8a5e7fb2b6aa5c1429acc2e3c4f24d541,1947214140326263602,stable_rad_c_large,2021-06-25 05:14:51.810384,191.97306668758392,"{'max_spin': '0.2779134', 'spin_buried_vol': '55.868736', 'ionization_energy': '0.926452100276947', 'electron_affinity': '-0.3308064937591553', 'bde': '71.2166', 'bde_diff': '0.3210144', 'forced_terminal': True, 'smiles': 'CC(C)c1[nH]c2c(c1[O])C(O)=C/C2=N/O'}",True,CC(C)c1[nH]c2c(c1[O])C(O)=C/C2=N/O,0.2779134,55.868736,0.926452100276947,-0.3308064937591553,71.2166,0.3210144,phenoxy,15
366694b2dcbcb36159c3da377c4ad25ffb0dd5366713cfad53bc5d12b848afca,3300873536114360106,stable_rad_c_large,2021-06-25 05:37:05.188886,191.82449102401733,"{'max_spin': '0.31700826', 'spin_buried_vol': '57.674904', 'ionization_energy': '0.9024612903594971', 'electron_affinity': '-0.3806792199611664', 'bde': '74.768295', 'bde_diff': '6.6142426', 'forced_terminal': True, 'smiles': 'Cc1c2ccsc(CO)c-2c(CS)c1[O]'}",True,Cc1c2ccsc(CO)c-2c(CS)c1[O],0.31700826,57.674904,0.9024612903594971,-0.3806792199611664,74.768295,6.6142426,phenoxy,15
e7f29ded4cf5ddaf7eab79b565810d8e5af547b5608920f06678600c3f14c2a2,4346101451263224513,stable_rad_c_large,2021-06-25 04:31:04.702624,191.777635961771,"{'max_spin': '0.19045608', 'spin_buried_vol': '56.494503', 'ionization_energy': '0.9299371242523193', 'electron_affinity': '-0.19481512904167175', 'bde': '78.05175', 'bde_diff': '1.874054', 'forced_terminal': True, 'smiles': 'C=CC(C=C)=C(C)c1[nH]nc(CC)c1[O]'}",True,C=CC(C=C)=C(C)c1[nH]nc(CC)c1[O],0.19045608,56.494503,0.9299371242523193,-0.19481512904167175,78.05175,1.874054,phenoxy,15
c59d113b21ec9df47c70cc4acfe94f6f749c9a37e8f1e6928a353de6321ff135,4479963992182208629,stable_rad_c_large,2021-06-25 04:31:07.692103,191.20414739847186,"{'max_spin': '0.19016144', 'spin_buried_vol': '56.38639', 'ionization_energy': '0.9620739817619324', 'electron_affinity': '-0.15598750114440918', 'bde': '78.17978', 'bde_diff': '1.7460251', 'forced_terminal': True, 'smiles': 'C=CC(C=C)=C(C)c1[nH]nc(CO)c1[O]'}",True,C=CC(C=C)=C(C)c1[nH]nc(CO)c1[O],0.19016144,56.38639,0.9620739817619324,-0.15598750114440918,78.17978,1.7460251,phenoxy,15
26f7d6b325f318aa1a8ab0efef6706c68327193f7815f93ed21f7ec023ba05fe,6098162009232489346,stable_rad_c_large,2021-06-25 04:03:47.986864,189.04814016819,"{'max_spin': '0.18684787', 'spin_buried_vol': '48.390533', 'ionization_energy': '0.9804098010063171', 'electron_affinity': '-0.27385789155960083', 'bde': '71.65181', 'bde_diff': '8.317505', 'forced_terminal': True, 'smiles': 'Cc1onc(N([O])/C(N)=N\\N)c(=O)c1N'}",True,Cc1onc(N([O])/C(N)=N\N)c(=O)c1N,0.18684787,48.390533,0.9804098010063171,-0.27385789155960083,71.65181,8.317505,t_ban,15
3abc4465d559644128b2b3c4111412dce30dcb093004354f6e9c6a3a921a192d,3994455912612635359,stable_rad_c_large,2021-06-25 04:30:52.966742,188.62680688500404,"{'max_spin': '0.24398284', 'spin_buried_vol': '57.239666', 'ionization_energy': '0.9645599126815796', 'electron_affinity': '-0.18006440997123718', 'bde': '78.37699', 'bde_diff': '6.1503525', 'forced_terminal': True, 'smiles': 'C=C/C(C(=C)N)=C(\\C)c1[nH]nc(C)c1[O]'}",True,C=C/C(C(=C)N)=C(\C)c1[nH]nc(C)c1[O],0.24398284,57.239666,0.9645599126815796,-0.18006440997123718,78.37699,6.1503525,phenoxy,15
2a0955f3d5024c966c218eac17d6ac451ef24d577110ec3fd55f34bdc034d08a,9206594354506102039,stable_rad_c_large,2021-06-25 05:19:43.965147,188.24078728045737,"{'max_spin': '0.22178827', 'spin_buried_vol': '55.390644', 'ionization_energy': '0.6767691969871521', 'electron_affinity': '-0.39502331614494324', 'bde': '70.5248', 'bde_diff': '10.617012', 'forced_terminal': True, 'smiles': 'C=C1C(=S)OC(C)=Cc2c1[nH]c(C)c2[O]'}",True,C=C1C(=S)OC(C)=Cc2c1[nH]c(C)c2[O],0.22178827,55.390644,0.6767691969871521,-0.39502331614494324,70.5248,10.617012,phenoxy,15
bf4e9feb5c6e5bc4c61f2ed0d065dd6286f2fd91fab8f3e51a60dba3060d91ea,8878766655990246649,stable_rad_c_large,2021-06-25 04:58:23.337096,188.0597390447344,"{'max_spin': '0.3760061', 'spin_buried_vol': '57.82854', 'ionization_energy': '0.741183876991272', 'electron_affinity': '-0.3664434850215912', 'bde': '74.747856', 'bde_diff': '-4.7969055', 'forced_terminal': True, 'smiles': 'C=Cc1c([O])c(C)c(S)n1C[C@H](O)CC'}",True,C=Cc1c([O])c(C)c(S)n1C[C@H](O)CC,0.3760061,57.82854,0.741183876991272,-0.3664434850215912,74.747856,-4.7969055,phenoxy,15
6e7f9fe4a0ab02bee6fcd0ecc4e78cf64514e34f3bad059dd9b9bdbc11a823c5,1685580197063952122,stable_rad_c_large,2021-06-25 04:23:46.616880,187.55244249105456,"{'max_spin': '0.27407292', 'spin_buried_vol': '60.66132', 'ionization_energy': '1.0063036680221558', 'electron_affinity': '-0.2945880591869354', 'bde': '79.17473', 'bde_diff': '-10.519981', 'forced_terminal': True, 'smiles': 'C=CCOC1=C(N=N)N([O])C(=O)C1(C)C'}",True,C=CCOC1=C(N=N)N([O])C(=O)C1(C)C,0.27407292,60.66132,1.0063036680221558,-0.2945880591869354,79.17473,-10.519981,tempo,15
ca48cd6d8c22dd7800d0394432e0aecb2e4511587451bad9c2f1a0464edf0d78,712078491938215099,stable_rad_c_large,2021-06-25 04:31:06.004685,187.28358137607574,"{'max_spin': '0.27931994', 'spin_buried_vol': '57.663296', 'ionization_energy': '0.882515013217926', 'electron_affinity': '-0.25856485962867737', 'bde': '78.37699', 'bde_diff': '7.549156', 'forced_terminal': True, 'smiles': 'C=C/C(C(=C)C)=C(\\C)c1[nH]nc(C)c1[O]'}",True,C=C/C(C(=C)C)=C(\C)c1[nH]nc(C)c1[O],0.27931994,57.663296,0.882515013217926,-0.25856485962867737,78.37699,7.549156,phenoxy,15
2a66bac281983e7ebed07dc54fdc9a3447e93f8dcc00b90411f8a66b34362400,4937308347924354479,stable_rad_c_large,2021-06-25 04:54:37.196791,186.85942059755325,"{'max_spin': '0.408182', 'spin_buried_vol': '57.26852', 'ionization_energy': '0.8697857856750488', 'electron_affinity': '-0.26296231150627136', 'bde': '74.54409', 'bde_diff': '9.292419', 'forced_terminal': True, 'smiles': 'C/C=C(/C(=O)C#N)c1[nH]c(C)c(C)c1[O]'}",True,C/C=C(/C(=O)C#N)c1[nH]c(C)c(C)c1[O],0.408182,57.26852,0.8697857856750488,-0.26296231150627136,74.54409,9.292419,phenoxy,15
3a0fbb0da682b608e18cf119dd02a33f03945df200cd43199f2ce7188b2997ff,8087661226627453339,stable_rad_c_large,2021-06-25 04:31:08.259707,186.69190382105967,"{'max_spin': '0.2057952', 'spin_buried_vol': '57.461002', 'ionization_energy': '0.7572559714317322', 'electron_affinity': '-0.3214648962020874', 'bde': '78.37699', 'bde_diff': '0.8694', 'forced_terminal': True, 'smiles': 'C=CC(/C=C/C)=C(/C)c1[nH]nc(C)c1[O]'}",True,C=CC(/C=C/C)=C(/C)c1[nH]nc(C)c1[O],0.2057952,57.461002,0.7572559714317322,-0.3214648962020874,78.37699,0.8694,phenoxy,15
52ce269873eb339f1743cc935e8fdfd6915675dc26d93846be9ab900119da1a3,45177018168192426,stable_rad_c_large,2021-06-25 05:59:35.346208,186.41190034151077,"{'max_spin': '0.332599', 'spin_buried_vol': '53.04185', 'ionization_energy': '0.8026831150054932', 'electron_affinity': '-0.3782106339931488', 'bde': '74.3938', 'bde_diff': '1.7872009', 'forced_terminal': True, 'smiles': 'C=C1CCC=Cc2c1oc(C(N)N)c2[O]'}",True,C=C1CCC=Cc2c1oc(C(N)N)c2[O],0.332599,53.04185,0.8026831150054932,-0.3782106339931488,74.3938,1.7872009,phenoxy,15
1fb8284fd4f8c1c6a4f56b23c4571075a5476fc1f0b250b6c4c58a334577b40d,2484082440335430899,stable_rad_c_large,2021-06-25 04:38:36.501303,186.09427821210454,"{'max_spin': '0.24271612', 'spin_buried_vol': '60.595825', 'ionization_energy': '1.0883431434631348', 'electron_affinity': '-0.0676460787653923', 'bde': '79.82106', 'bde_diff': '8.884438', 'forced_terminal': True, 'smiles': 'CCc1c(C)c([O])c(C)c(C)c1NC=O'}",True,CCc1c(C)c([O])c(C)c(C)c1NC=O,0.24271612,60.595825,1.0883431434631348,-0.0676460787653923,79.82106,8.884438,phenoxy,15
e9834bcb18cc16c75edd8fe344c959fbd1eee9720af44516606565b35498bef8,5340579710879876071,stable_rad_c_large,2021-06-25 04:44:45.480160,186.08046865463257,"{'max_spin': '0.39460874', 'spin_buried_vol': '55.810905', 'ionization_energy': '0.9344216585159302', 'electron_affinity': '-0.1831762194633484', 'bde': '76.45227', 'bde_diff': '-4.322777', 'forced_terminal': True, 'smiles': 'CC(=O)NC(=O)[C@@H](N)c1[nH]cc(C)c1[O]'}",True,CC(=O)NC(=O)[C@@H](N)c1[nH]cc(C)c1[O],0.39460874,55.810905,0.9344216585159302,-0.1831762194633484,76.45227,-4.322777,phenoxy,15
41f3ec471f4671e13eb32ef53a7eeff4e523f584caf761a04185c8289023d85e,2338390657976377142,stable_rad_c_large,2021-06-25 04:35:39.844771,185.85857492685318,"{'max_spin': '0.25992224', 'spin_buried_vol': '48.854687', 'ionization_energy': '0.9176497459411621', 'electron_affinity': '-0.33815798163414', 'bde': '70.58296', 'bde_diff': '15.909149', 'forced_terminal': True, 'smiles': 'CCc1c(C#N)[nH]c(C(=O)S)c1N(C)[O]'}",True,CCc1c(C#N)[nH]c(C(=O)S)c1N(C)[O],0.25992224,48.854687,0.9176497459411621,-0.33815798163414,70.58296,15.909149,t_ban,15
dc3ea9ff75d6fc078aefc91d50d0cfe1ca11c0a9b7ecd7d39247ae57398f4b6f,2280588381976575963,stable_rad_c_large,2021-06-25 04:35:41.094743,185.66359770298004,"{'max_spin': '0.26223296', 'spin_buried_vol': '48.775246', 'ionization_energy': '0.9603493809700012', 'electron_affinity': '-0.30831217765808105', 'bde': '70.58296', 'bde_diff': '6.390564', 'forced_terminal': True, 'smiles': 'CN([O])c1c(C(=O)S)[nH]c(C#N)c1CN'}",True,CN([O])c1c(C(=O)S)[nH]c(C#N)c1CN,0.26223296,48.775246,0.9603493809700012,-0.30831217765808105,70.58296,6.390564,t_ban,15
5a3432d1cf80e25abf71f30a8214980079b8314ea826f382ae7fdfa1cc4ece5a,1420003080316886768,stable_rad_c_large,2021-06-25 04:35:41.373447,185.51260977983475,"{'max_spin': '0.2673231', 'spin_buried_vol': '48.878765', 'ionization_energy': '1.0535295009613037', 'electron_affinity': '-0.28705987334251404', 'bde': '70.58296', 'bde_diff': '10.502342', 'forced_terminal': True, 'smiles': 'CN([O])c1c(C(=O)S)[nH]c(C#N)c1CO'}",True,CN([O])c1c(C(=O)S)[nH]c(C#N)c1CO,0.2673231,48.878765,1.0535295009613037,-0.28705987334251404,70.58296,10.502342,t_ban,15
5f43e8727a145874d8f7c481fcd8267ebbf2ec9ffaa32b04f65d9e2376bf8cae,7306326755069299953,stable_rad_c_large,2021-06-25 05:25:21.712686,185.39102622228012,"{'max_spin': '0.31395784', 'spin_buried_vol': '62.44578', 'ionization_energy': '0.984380304813385', 'electron_affinity': '-0.1132681742310524', 'bde': '79.15179', 'bde_diff': '8.930191', 'forced_terminal': True, 'smiles': 'C=C(C)C(=C)c1c([O])c(C(C)=S)cn1C'}",True,C=C(C)C(=C)c1c([O])c(C(C)=S)cn1C,0.31395784,62.44578,0.984380304813385,-0.1132681742310524,79.15179,8.930191,phenoxy,15
728a6d8fee1d649e698796b8b16f236e13cd517161a45b91a1c387f3884deb22,8947222586092966715,stable_rad_c_large,2021-06-25 05:24:15.626775,185.34029233455658,"{'max_spin': '0.32914478', 'spin_buried_vol': '51.79753', 'ionization_energy': '0.93599534034729', 'electron_affinity': '-0.25670409202575684', 'bde': '75.7502', 'bde_diff': '7.421402', 'forced_terminal': True, 'smiles': 'C=C(CC)c1c(CO)c([O])c(C)n1OO'}",True,C=C(CC)c1c(CO)c([O])c(C)n1OO,0.32914478,51.79753,0.93599534034729,-0.25670409202575684,75.7502,7.421402,phenoxy,15
baff09ed32915def323b46554807f95046596de3e94172917dd666abe5cab5df,3846045741166327875,stable_rad_c_large,2021-06-25 04:23:55.563205,185.0384591477258,"{'max_spin': '0.25753778', 'spin_buried_vol': '65.32449', 'ionization_energy': '1.2436988353729248', 'electron_affinity': '-0.1336299180984497', 'bde': '76.727234', 'bde_diff': '6.587883', 'forced_terminal': True, 'smiles': 'CCC1(CC)C(=O)N([O])C(N)=C1OC=O'}",True,CCC1(CC)C(=O)N([O])C(N)=C1OC=O,0.25753778,65.32449,1.2436988353729248,-0.1336299180984497,76.727234,6.587883,tempo,15
db502e29124805d964d27ba71dc840d55cc45f8e65f9734aabf43722cac04462,6646244956454903152,stable_rad_c_large,2021-06-25 05:15:25.692029,184.90963275943483,"{'max_spin': '0.29729274', 'spin_buried_vol': '62.413845', 'ionization_energy': '0.6160153150558472', 'electron_affinity': '-0.4401021897792816', 'bde': '75.35898', 'bde_diff': '-1.6452637', 'forced_terminal': True, 'smiles': 'CC(C)(CO)c1[nH]c2c(c1[O])C(O)=CC2'}",True,CC(C)(CO)c1[nH]c2c(c1[O])C(O)=CC2,0.29729274,62.413845,0.6160153150558472,-0.4401021897792816,75.35898,-1.6452637,phenoxy,15
ba50623f8aa5d95dd23ecaf6a8da0dc63e2d31ebe54de3ec825dffc8861fad6f,1190179817407683244,stable_rad_c_large,2021-06-25 04:51:07.328248,184.86935657262802,"{'max_spin': '0.29356387', 'spin_buried_vol': '49.54755', 'ionization_energy': '1.0189111232757568', 'electron_affinity': '-0.24082598090171814', 'bde': '72.23819', 'bde_diff': '8.0770035', 'forced_terminal': True, 'smiles': 'CCc1[nH]c2c(c1[O])C(SC)=C(C)C2=N'}",True,CCc1[nH]c2c(c1[O])C(SC)=C(C)C2=N,0.29356387,49.54755,1.0189111232757568,-0.24082598090171814,72.23819,8.0770035,phenoxy,15
bebcc6b4f456087119ccde6432297ce5261cadc8b0f95d1ba63e6fb140f7bd62,5152764467057975324,stable_rad_c_large,2021-06-25 04:23:51.143118,184.71528881788254,"{'max_spin': '0.25732794', 'spin_buried_vol': '60.57856', 'ionization_energy': '0.9971146583557129', 'electron_affinity': '-0.25477612018585205', 'bde': '80.1325', 'bde_diff': '0.9411545', 'forced_terminal': True, 'smiles': 'CCOC1=C(/N=N\\O)N([O])C(=O)C1(C)C'}",True,CCOC1=C(/N=N\O)N([O])C(=O)C1(C)C,0.25732794,60.57856,0.9971146583557129,-0.25477612018585205,80.1325,0.9411545,tempo,15
700ba18089ab4a71c768b239651915f6457093447d617e5e0f398d1511decbb3,5110419535297595023,stable_rad_c_large,2021-06-25 04:38:05.914873,184.51296070643835,"{'max_spin': '0.35355818', 'spin_buried_vol': '54.411533', 'ionization_energy': '1.0943549871444702', 'electron_affinity': '-0.13637375831604004', 'bde': '76.94394', 'bde_diff': '5.1348267', 'forced_terminal': True, 'smiles': 'C/C=C(/ONC)c1[nH]c(C#N)c(C)c1[O]'}",True,C/C=C(/ONC)c1[nH]c(C#N)c(C)c1[O],0.35355818,54.411533,1.0943549871444702,-0.13637375831604004,76.94394,5.1348267,phenoxy,15
9ae1183d7a5752a46160a0ee95763a30421318578bef458ed0470fca91ca95e9,151327151895626073,stable_rad_c_large,2021-06-25 05:17:50.791697,184.49882471561432,"{'max_spin': '0.26691788', 'spin_buried_vol': '47.84472', 'ionization_energy': '0.9870882034301758', 'electron_affinity': '-0.2783381938934326', 'bde': '74.46898', 'bde_diff': '4.6921616', 'forced_terminal': True, 'smiles': 'C=C(C)C1=Cc2c(oc(CO)c2[O])C1=C'}",True,C=C(C)C1=Cc2c(oc(CO)c2[O])C1=C,0.26691788,47.84472,0.9870882034301758,-0.2783381938934326,74.46898,4.6921616,phenoxy,15
6b449c8ce34fdae9fcfd5471c7295a623e0bec1fcd19c907e5cba5807ab489ff,1602783528699886457,stable_rad_c_large,2021-06-25 04:10:23.016024,184.38511407375336,"{'max_spin': '0.23933583', 'spin_buried_vol': '46.351906', 'ionization_energy': '0.8559086322784424', 'electron_affinity': '-0.36614882946014404', 'bde': '67.945694', 'bde_diff': '12.901344', 'forced_terminal': True, 'smiles': 'C/C=C(\\C)c1oc(C)c(N(C)[O])c1N=O'}",True,C/C=C(\C)c1oc(C)c(N(C)[O])c1N=O,0.23933583,46.351906,0.8559086322784424,-0.36614882946014404,67.945694,12.901344,t_ban,15
2fab8cf4d93c2158a508c5475c0b3bdc96919fede5a0ba12dd88045d39422031,1706748290476163606,stable_rad_c_large,2021-06-25 05:52:17.359118,184.33707481622696,"{'max_spin': '0.29303214', 'spin_buried_vol': '48.98868', 'ionization_energy': '0.9806522130966187', 'electron_affinity': '-0.2529014050960541', 'bde': '75.63353', 'bde_diff': '-0.7578125', 'forced_terminal': True, 'smiles': 'Cc1c([O])c(CC(C)C)c(C(=N)S)n1O'}",True,Cc1c([O])c(CC(C)C)c(C(=N)S)n1O,0.29303214,48.98868,0.9806522130966187,-0.2529014050960541,75.63353,-0.7578125,phenoxy,15
73162644064eebd326c429bc320c7b4475ff8e4f79b5752679edf707f6e96e75,1102907984945830499,stable_rad_c_large,2021-06-25 05:14:46.194229,184.3070824444294,"{'max_spin': '0.1925628', 'spin_buried_vol': '43.935223', 'ionization_energy': '0.8014037609100342', 'electron_affinity': '-0.3208675682544708', 'bde': '70.89949', 'bde_diff': '10.115738', 'forced_terminal': True, 'smiles': 'C/C=C/C=C1\\C(C)=Nc2[nH]c(C)c([O])c21'}",True,C/C=C/C=C1\C(C)=Nc2[nH]c(C)c([O])c21,0.1925628,43.935223,0.8014037609100342,-0.3208675682544708,70.89949,10.115738,phenoxy,15
4e705b751ec8b0c69ed6257acbc418c4ed7ee5773322076a830d06866fd00bbb,4973412957384369881,stable_rad_c_large,2021-06-25 04:23:10.891256,184.18506454569953,"{'max_spin': '0.35065776', 'spin_buried_vol': '52.492794', 'ionization_energy': '0.9277070760726929', 'electron_affinity': '-0.18172773718833923', 'bde': '76.370094', 'bde_diff': '3.5101852', 'forced_terminal': True, 'smiles': 'C=C(N)c1[nH]c(C(=S)N(C)N)c(C)c1[O]'}",True,C=C(N)c1[nH]c(C(=S)N(C)N)c(C)c1[O],0.35065776,52.492794,0.9277070760726929,-0.18172773718833923,76.370094,3.5101852,phenoxy,15
0bc0eb33d37a09b701076147930e845aa5205013c7c9d677e95c0a61ad3f43d9,3974084355995042616,stable_rad_c_large,2021-06-25 04:51:32.096156,184.12763166427612,"{'max_spin': '0.19866586', 'spin_buried_vol': '44.060925', 'ionization_energy': '0.9900847673416138', 'electron_affinity': '-0.31178712844848633', 'bde': '72.5128', 'bde_diff': '9.612686', 'forced_terminal': True, 'smiles': 'CSC1=C(C)/C(=N\\O)c2[nH]c(C)c([O])c21'}",True,CSC1=C(C)/C(=N\O)c2[nH]c(C)c([O])c21,0.19866586,44.060925,0.9900847673416138,-0.31178712844848633,72.5128,9.612686,phenoxy,15
c4689cc19e01ddb53ffff02a555b39c7929c253535363c2fbd1cb2db950245d0,372725149477623777,stable_rad_c_large,2021-06-25 04:12:19.318594,183.78436529636383,"{'max_spin': '0.2476942', 'spin_buried_vol': '46.169075', 'ionization_energy': '1.02201509475708', 'electron_affinity': '-0.3810221254825592', 'bde': '69.72304', 'bde_diff': '14.1315155', 'forced_terminal': True, 'smiles': 'CN([O])c1sc2c(C#N)nsc2c1CO'}",True,CN([O])c1sc2c(C#N)nsc2c1CO,0.2476942,46.169075,1.02201509475708,-0.3810221254825592,69.72304,14.1315155,t_ban,15
570bd8c9a7a0c227892cc4617f060230bcd129416438e4aaa44ccdb22d7f00d9,2595596127001790701,stable_rad_c_large,2021-06-25 05:17:48.118802,183.69949132204056,"{'max_spin': '0.19645962', 'spin_buried_vol': '43.522472', 'ionization_energy': '1.0632977485656738', 'electron_affinity': '-0.268791526556015', 'bde': '73.516205', 'bde_diff': '-9.337547', 'forced_terminal': True, 'smiles': 'CC1=C2C=CC(O)=C2c2c1oc(C)c2[O]'}",True,CC1=C2C=CC(O)=C2c2c1oc(C)c2[O],0.19645962,43.522472,1.0632977485656738,-0.268791526556015,73.516205,-9.337547,phenoxy,15
74334e4f8df6c0462dcf390eb30652aa9ddf25040cceb3b4dcb169a583cea3fb,6750848973691924395,stable_rad_c_large,2021-06-25 04:30:39.955030,183.3261915743351,"{'max_spin': '0.21466307', 'spin_buried_vol': '44.059345', 'ionization_energy': '0.9656456708908081', 'electron_affinity': '-0.1773509383201599', 'bde': '73.38261', 'bde_diff': '-9.601128', 'forced_terminal': True, 'smiles': 'Cc1[nH]c2c(c1[O])C(C=O)=C/C2=C\\CN'}",True,Cc1[nH]c2c(c1[O])C(C=O)=C/C2=C\CN,0.21466307,44.059345,0.9656456708908081,-0.1773509383201599,73.38261,-9.601128,phenoxy,15
13a1ccd554921a69ce0dbea05afeec6489f23601f23720a3514ae3718154af4c,7900775466078624539,stable_rad_c_large,2021-06-25 04:47:51.012272,183.23995155096054,"{'max_spin': '0.21358255', 'spin_buried_vol': '43.91908', 'ionization_energy': '0.9062546491622925', 'electron_affinity': '-0.2431265115737915', 'bde': '75.088135', 'bde_diff': '-5.705208', 'forced_terminal': True, 'smiles': 'CO/N=C1/C(C)=C(O)c2[nH]c(C)c([O])c21'}",True,CO/N=C1/C(C)=C(O)c2[nH]c(C)c([O])c21,0.21358255,43.91908,0.9062546491622925,-0.2431265115737915,75.088135,-5.705208,phenoxy,15
f23ba8d945c9598f19a3532a5293bdb781349b56fba773a120496ed11e0b84dc,8773557187305465647,stable_rad_c_large,2021-06-25 04:30:09.948123,183.2349874973297,"{'max_spin': '0.2950808', 'spin_buried_vol': '52.304558', 'ionization_energy': '0.8265173435211182', 'electron_affinity': '-0.4236116111278534', 'bde': '68.99246', 'bde_diff': '10.675987', 'forced_terminal': True, 'smiles': 'CO/C(C1=C(C)CCCN1[O])=C(/N)N=O'}",True,CO/C(C1=C(C)CCCN1[O])=C(/N)N=O,0.2950808,52.304558,0.8265173435211182,-0.4236116111278534,68.99246,10.675987,tempo,15
9d13466d896c5946e201fb864fa50c09bc86d507e3a867d6de7aeb13624989d0,8868323073569379715,stable_rad_c_large,2021-06-25 05:07:26.140849,183.22388890385628,"{'max_spin': '0.21409713', 'spin_buried_vol': '43.928745', 'ionization_energy': '0.9048301577568054', 'electron_affinity': '-0.24385535717010498', 'bde': '75.088135', 'bde_diff': '3.6537552', 'forced_terminal': True, 'smiles': 'Cc1[nH]c2c(c1[O])/C(=N\\O)C1=C2SCC1'}",True,Cc1[nH]c2c(c1[O])/C(=N\O)C1=C2SCC1,0.21409713,43.928745,0.9048301577568054,-0.24385535717010498,75.088135,3.6537552,phenoxy,15
ebdffa87b5e06a936ac099c16844d404f28b0acf8af7fba529ca791911e9103a,4722581333654934172,stable_rad_c_large,2021-06-25 04:10:57.151090,183.07689648866653,"{'max_spin': '0.2946221', 'spin_buried_vol': '48.369534', 'ionization_energy': '0.7367950081825256', 'electron_affinity': '-0.3885743021965027', 'bde': '69.71855', 'bde_diff': '1.4710693', 'forced_terminal': True, 'smiles': 'Cc1c([O])c2c(n1O)CCCC(C#N)=C2'}",True,Cc1c([O])c2c(n1O)CCCC(C#N)=C2,0.2946221,48.369534,0.7367950081825256,-0.3885743021965027,69.71855,1.4710693,phenoxy,15
f898e9e798aca5b08d86baab3302bce8f6dc6e1f8bf88c5807b8e9b62acbf13a,8810377488158881210,stable_rad_c_large,2021-06-25 04:58:45.612099,182.9950726032257,"{'max_spin': '0.32116354', 'spin_buried_vol': '49.05325', 'ionization_energy': '0.9362691640853882', 'electron_affinity': '-0.3158286511898041', 'bde': '75.66875', 'bde_diff': '-2.4792633', 'forced_terminal': True, 'smiles': 'C=CCc1c([O])c(C)n(O)c1C(=C)C#N'}",True,C=CCc1c([O])c(C)n(O)c1C(=C)C#N,0.32116354,49.05325,0.9362691640853882,-0.3158286511898041,75.66875,-2.4792633,phenoxy,15
61a945e11262d12b7ca3afbce8241e2e9f1ebfc5a3818f92a578ef408b82423d,2542607561867912617,stable_rad_c_large,2021-06-25 05:15:56.069354,182.96620231866837,"{'max_spin': '0.3264298', 'spin_buried_vol': '49.287693', 'ionization_energy': '0.8038133382797241', 'electron_affinity': '-0.3524130880832672', 'bde': '74.7003', 'bde_diff': '6.675911', 'forced_terminal': True, 'smiles': 'CCc1oc2c(c1[O])/C(=C/OO)C=C2C'}",True,CCc1oc2c(c1[O])/C(=C/OO)C=C2C,0.3264298,49.287693,0.8038133382797241,-0.3524130880832672,74.7003,6.675911,phenoxy,15
5c14613e069f11eedcfeebffdb7694e6ecbc345e005c750909baa93586f97c85,5095429349045143062,stable_rad_c_large,2021-06-25 04:51:44.558663,182.92614671162198,"{'max_spin': '0.25144613', 'spin_buried_vol': '58.94047', 'ionization_energy': '0.8739155530929565', 'electron_affinity': '-0.1275036334991455', 'bde': '76.95842', 'bde_diff': '-1.4106369', 'forced_terminal': True, 'smiles': 'CC1=C(C)C2=C(C1=O)N([O])C=C/C2=C\\O'}",True,CC1=C(C)C2=C(C1=O)N([O])C=C/C2=C\O,0.25144613,58.94047,0.8739155530929565,-0.1275036334991455,76.95842,-1.4106369,tempo,15
f5be198406deea68003172b983a174850cfa6cab89224e48cb0cb757cf49f547,8799841358483839983,stable_rad_c_large,2021-06-25 04:27:32.018741,182.44121405056543,"{'max_spin': '0.35242882', 'spin_buried_vol': '56.763767', 'ionization_energy': '0.7960010766983032', 'electron_affinity': '-0.25812187790870667', 'bde': '74.951096', 'bde_diff': '-5.339546', 'forced_terminal': True, 'smiles': 'CSCc1c([O])c(C)c2n1CC=C2C=O'}",True,CSCc1c([O])c(C)c2n1CC=C2C=O,0.35242882,56.763767,0.7960010766983032,-0.25812187790870667,74.951096,-5.339546,phenoxy,15
45938bbbc8034fd0cb899ada2a65e292760295f564e2878297bb1608c140f263,1766492789935872255,stable_rad_c_large,2021-06-25 05:07:21.188257,182.20106259414126,"{'max_spin': '0.27147192', 'spin_buried_vol': '49.720997', 'ionization_energy': '1.1201658248901367', 'electron_affinity': '-0.1760694682598114', 'bde': '74.58713', 'bde_diff': '-4.657997', 'forced_terminal': True, 'smiles': 'CCc1[nH]c2c(c1[O])/C(=N\\O)C(C)=C2S'}",True,CCc1[nH]c2c(c1[O])/C(=N\O)C(C)=C2S,0.27147192,49.720997,1.1201658248901367,-0.1760694682598114,74.58713,-4.657997,phenoxy,15
7a10585737f8bbaa3352512a74fead26c5c929b50090a5b026100e445539848f,1108517110946186489,stable_rad_c_large,2021-06-25 04:10:17.189034,182.13620418523038,"{'max_spin': '0.18477367', 'spin_buried_vol': '44.78933', 'ionization_energy': '1.1083725690841675', 'electron_affinity': '-0.0014652088284492493', 'bde': '70.72695', 'bde_diff': '23.930557', 'forced_terminal': True, 'smiles': 'CN([O])c1c(C(=O)O)sc(C#N)c1N=S'}",True,CN([O])c1c(C(=O)O)sc(C#N)c1N=S,0.18477367,44.78933,1.1083725690841675,-0.0014652088284492493,70.72695,23.930557,t_ban,15
039f77e33b7ecdddb6f30dbfa599e7e8c0a67325afd08286f6cf5f9549769f17,5865663970882908002,stable_rad_c_large,2021-06-25 03:59:53.786081,182.0347579419613,"{'max_spin': '0.22495838', 'spin_buried_vol': '43.282677', 'ionization_energy': '0.8492576479911804', 'electron_affinity': '-0.32636332511901855', 'bde': '68.9346', 'bde_diff': '2.3272552', 'forced_terminal': True, 'smiles': 'NN(S)c1ccc(N([O])/C(O)=N\\S)cc1'}",True,NN(S)c1ccc(N([O])/C(O)=N\S)cc1,0.22495838,43.282677,0.8492576479911804,-0.32636332511901855,68.9346,2.3272552,t_ban,15
a77267a34712e29d33d60cea005b1b9095410df8c593754a34072ac3033ca2cf,804087715743645966,stable_rad_c_large,2021-06-25 04:52:17.419951,181.94658207893372,"{'max_spin': '0.22666979', 'spin_buried_vol': '43.982304', 'ionization_energy': '1.0898874998092651', 'electron_affinity': '-0.21797603368759155', 'bde': '71.47692', 'bde_diff': '0.095970154', 'forced_terminal': True, 'smiles': 'C/N=C1\\C(CO)=C(C)c2c1[nH]c(C)c2[O]'}",True,C/N=C1\C(CO)=C(C)c2c1[nH]c(C)c2[O],0.22666979,43.982304,1.0898874998092651,-0.21797603368759155,71.47692,0.095970154,phenoxy,15
0ca3122fa04c2a5fea748882a0e7f97f98c0d16e3086733046e275066cba9c70,629797842522207236,stable_rad_c_large,2021-06-25 04:36:43.316450,181.94544250198777,"{'max_spin': '0.20245273', 'spin_buried_vol': '48.885715', 'ionization_energy': '0.7999895811080933', 'electron_affinity': '-0.30998000502586365', 'bde': '78.29336', 'bde_diff': '3.6469269', 'forced_terminal': True, 'smiles': 'C/C=C/c1[nH]c(/C(=N/O)OC)c(C)c1[O]'}",True,C/C=C/c1[nH]c(/C(=N/O)OC)c(C)c1[O],0.20245273,48.885715,0.7999895811080933,-0.30998000502586365,78.29336,3.6469269,phenoxy,15
4fa49665d28ab63cffbcb455c5d8902a647e8e36c3ad45721840147534c6d8ce,2349613484346970087,stable_rad_c_large,2021-06-25 06:15:59.377430,181.92466008663177,"{'max_spin': '0.39760715', 'spin_buried_vol': '68.09567', 'ionization_energy': '1.0744177103042603', 'electron_affinity': '-0.25100675225257874', 'bde': '81.01084', 'bde_diff': '4.603386', 'forced_terminal': True, 'smiles': 'Cc1c(ON)sc(C(C)(C)C(C)C)c1[O]'}",True,Cc1c(ON)sc(C(C)(C)C(C)C)c1[O],0.39760715,68.09567,1.0744177103042603,-0.25100675225257874,81.01084,4.603386,phenoxy,15
e00fe4319299b3a7c0d89e1cc150b18f98f92bce18428f92097d4b525bb9edac,362214996118191134,stable_rad_c_large,2021-06-25 04:28:52.626014,181.8727194070816,"{'max_spin': '0.19699165', 'spin_buried_vol': '56.7702', 'ionization_energy': '0.9046416282653809', 'electron_affinity': '-0.1418946087360382', 'bde': '78.67571', 'bde_diff': '3.9141464', 'forced_terminal': True, 'smiles': 'C=C(O)c1c2cc(=O)c(=O)c-2c(C)c1[O]'}",True,C=C(O)c1c2cc(=O)c(=O)c-2c(C)c1[O],0.19699165,56.7702,0.9046416282653809,-0.1418946087360382,78.67571,3.9141464,phenoxy,15
806593b94f0e8b7001da7298137a12df9ccbc50f319e80c1d1d20eeeeb7d9aaf,3255054593462246311,stable_rad_c_large,2021-06-25 04:07:40.185283,181.773061301027,"{'max_spin': '0.21981657', 'spin_buried_vol': '52.118183', 'ionization_energy': '1.1312592029571533', 'electron_affinity': '-0.4227142035961151', 'bde': '69.70056', 'bde_diff': '-0.9704056', 'forced_terminal': True, 'smiles': 'Cc1nnnn2c3c(nc12)N([O])C=CC3'}",True,Cc1nnnn2c3c(nc12)N([O])C=CC3,0.21981657,52.118183,1.1312592029571533,-0.4227142035961151,69.70056,-0.9704056,t_ban,15
5bc5d18ac030dd6845a773589f6c7902300545e38ac6cca544a9e9196831a055,1365697677040686209,stable_rad_c_large,2021-06-25 04:29:46.364169,181.7435139119625,"{'max_spin': '0.24667521', 'spin_buried_vol': '44.077274', 'ionization_energy': '0.8633555173873901', 'electron_affinity': '-0.3295351564884186', 'bde': '73.49449', 'bde_diff': '5.956482', 'forced_terminal': True, 'smiles': 'C/C=C1\\C=C(C(N)=O)c2c1[nH]c(C)c2[O]'}",True,C/C=C1\C=C(C(N)=O)c2c1[nH]c(C)c2[O],0.24667521,44.077274,0.8633555173873901,-0.3295351564884186,73.49449,5.956482,phenoxy,15
6f3a488f24780c9899d09cc25afbd8368e77175863ab3ff6118c20c4d591a3ba,6219810467533955476,stable_rad_c_large,2021-06-25 04:30:16.316173,181.66038150446755,"{'max_spin': '0.24792653', 'spin_buried_vol': '45.850727', 'ionization_energy': '1.100077509880066', 'electron_affinity': '-0.374945729970932', 'bde': '71.04575', 'bde_diff': '8.13427', 'forced_terminal': True, 'smiles': 'COc1c(N([O])/C(C)=N/S)ccnc1N'}",True,COc1c(N([O])/C(C)=N/S)ccnc1N,0.24792653,45.850727,1.100077509880066,-0.374945729970932,71.04575,8.13427,t_ban,15
242adb0acf237b66c4e912b627d36ea1391b849c748566faddb487aad02e1b53,3264126912778239327,stable_rad_c_large,2021-06-25 04:42:43.206789,181.51584777235985,"{'max_spin': '0.2488683', 'spin_buried_vol': '43.959263', 'ionization_energy': '0.8931160569190979', 'electron_affinity': '-0.2297821044921875', 'bde': '73.18292', 'bde_diff': '-0.54894257', 'forced_terminal': True, 'smiles': 'Cc1[nH]c2c(c1[O])/C(=C/CO)C/C2=N\\O'}",True,Cc1[nH]c2c(c1[O])/C(=C/CO)C/C2=N\O,0.2488683,43.959263,0.8931160569190979,-0.2297821044921875,73.18292,-0.54894257,phenoxy,15
a6923aeae119f7b7f105d0483ba14bdd045dfb6106e31e82996e291cbac11bba,430039688891784248,stable_rad_c_large,2021-06-25 05:07:24.679698,181.50599193572998,"{'max_spin': '0.2497735', 'spin_buried_vol': '43.994667', 'ionization_energy': '1.0027273893356323', 'electron_affinity': '-0.24881994724273682', 'bde': '75.088135', 'bde_diff': '7.859932', 'forced_terminal': True, 'smiles': 'CSC1=C(C)/C(=N/O)c2c1[nH]c(C)c2[O]'}",True,CSC1=C(C)/C(=N/O)c2c1[nH]c(C)c2[O],0.2497735,43.994667,1.0027273893356323,-0.24881994724273682,75.088135,7.859932,phenoxy,15
a24e8a0ccfa0c0696f9a8789f79522b7ac59d5f779edc2cc8f3f3621018dcd8c,8660676562217434312,stable_rad_c_large,2021-06-25 05:15:53.366257,181.50096878409386,"{'max_spin': '0.24361534', 'spin_buried_vol': '43.681736', 'ionization_energy': '0.8239262700080872', 'electron_affinity': '-0.31638211011886597', 'bde': '73.026794', 'bde_diff': '3.3070679', 'forced_terminal': True, 'smiles': 'C/C(O)=C1/C=C(C#N)c2oc(C)c([O])c21'}",True,C/C(O)=C1/C=C(C#N)c2oc(C)c([O])c21,0.24361534,43.681736,0.8239262700080872,-0.31638211011886597,73.026794,3.3070679,phenoxy,15
6107efa28abc5c7e15594c56ad15e48e74c0849a7f9dd36f4798d076a7cee046,2330479792444887008,stable_rad_c_large,2021-06-25 05:04:22.936786,181.328093792711,"{'max_spin': '0.2884998', 'spin_buried_vol': '46.724796', 'ionization_energy': '0.8760198950767517', 'electron_affinity': '-0.39240264892578125', 'bde': '66.66226', 'bde_diff': '5.2267227', 'forced_terminal': True, 'smiles': 'NCC1=C(O)C2=C(CCN2[O])C(=O)OC1'}",True,NCC1=C(O)C2=C(CCN2[O])C(=O)OC1,0.2884998,46.724796,0.8760198950767517,-0.39240264892578125,66.66226,5.2267227,tempo,15
76bdecd932bd9f5aa5486f275d1ffa977739bd9f3a4b222db1f472b9f1b050a9,7016507447380623579,stable_rad_c_large,2021-06-25 04:48:55.971540,181.27181190252304,"{'max_spin': '0.24561074', 'spin_buried_vol': '43.55235', 'ionization_energy': '0.9817479848861694', 'electron_affinity': '-0.23274245858192444', 'bde': '75.02376', 'bde_diff': '-15.656536', 'forced_terminal': True, 'smiles': 'Cc1oc2c(c1[O])/C(=C/C#N)C(O)=C2N'}",True,Cc1oc2c(c1[O])/C(=C/C#N)C(O)=C2N,0.24561074,43.55235,0.9817479848861694,-0.23274245858192444,75.02376,-15.656536,phenoxy,15
4135eee02d77709b49ccd808cb0260a39f402261069fdfe9d4112d7b737927cc,5895785438312914382,stable_rad_c_large,2021-06-25 05:15:55.569834,181.18257001042366,"{'max_spin': '0.24721156', 'spin_buried_vol': '43.543148', 'ionization_energy': '1.0409656763076782', 'electron_affinity': '-0.18673157691955566', 'bde': '73.95322', 'bde_diff': '10.343498', 'forced_terminal': True, 'smiles': 'CO/C=C1\\C=C(C#N)c2oc(C)c([O])c21'}",True,CO/C=C1\C=C(C#N)c2oc(C)c([O])c21,0.24721156,43.543148,1.0409656763076782,-0.18673157691955566,73.95322,10.343498,phenoxy,15
6cc5203b1aefc5b9b922d43d3faf327bca0fbab4c4acb2975f53b88de3b31675,1292682424918395216,stable_rad_c_large,2021-06-25 04:15:12.879330,181.05330675840378,"{'max_spin': '0.39812294', 'spin_buried_vol': '50.959454', 'ionization_energy': '0.9421683549880981', 'electron_affinity': '-0.19274139404296875', 'bde': '73.26416', 'bde_diff': '11.80854', 'forced_terminal': True, 'smiles': 'C=CSc1c(CCN)c([O])c(C)n1C=O'}",True,C=CSc1c(CCN)c([O])c(C)n1C=O,0.39812294,50.959454,0.9421683549880981,-0.19274139404296875,73.26416,11.80854,phenoxy,15
b3dcb337a06c7d337c3d298112b52ce5b28763cb8276cd0959e293b766240998,4349922273075017277,stable_rad_c_large,2021-06-25 04:37:24.027980,181.03969197613853,"{'max_spin': '0.26452723', 'spin_buried_vol': '53.916325', 'ionization_energy': '0.9108843207359314', 'electron_affinity': '-0.4734025299549103', 'bde': '64.90505', 'bde_diff': '27.388405', 'forced_terminal': True, 'smiles': 'CN([O])c1cc2c(C#N)cc(=O)c=2c1=O'}",True,CN([O])c1cc2c(C#N)cc(=O)c=2c1=O,0.26452723,53.916325,0.9108843207359314,-0.4734025299549103,64.90505,27.388405,t_ban,15
5afe21b252407129a391df897940e7974619ace42017a08efa1fbf032bb693ef,2339232040256714681,stable_rad_c_large,2021-06-25 04:37:25.448925,180.98507529497147,"{'max_spin': '0.38186085', 'spin_buried_vol': '50.24713', 'ionization_energy': '0.7501685619354248', 'electron_affinity': '-0.38491079211235046', 'bde': '73.96356', 'bde_diff': '8.209984', 'forced_terminal': True, 'smiles': 'CCc1[nH]c(C2=NOCCO2)c(C)c1[O]'}",True,CCc1[nH]c(C2=NOCCO2)c(C)c1[O],0.38186085,50.24713,0.7501685619354248,-0.38491079211235046,73.96356,8.209984,phenoxy,15
769e05f91930f10f292140a2bf0786a4aeb8648a6d32f53f5edc25fad8ea2dd8,4414511292854654765,stable_rad_c_large,2021-06-25 05:04:12.361976,180.9439930319786,"{'max_spin': '0.2750192', 'spin_buried_vol': '54.63875', 'ionization_energy': '1.1428042650222778', 'electron_affinity': '-0.41667115688323975', 'bde': '69.77458', 'bde_diff': '0.06866455', 'forced_terminal': True, 'smiles': 'C/C(=C/C1=C(CO)CC(=N)N1[O])C(N)=O'}",True,C/C(=C/C1=C(CO)CC(=N)N1[O])C(N)=O,0.2750192,54.63875,1.1428042650222778,-0.41667115688323975,69.77458,0.06866455,tempo,15
79fbe692f6c9c8e658988e791d4cbb495514a58b16be11237c8304e07c9cce27,7139569074593801211,stable_rad_c_large,2021-06-25 05:07:19.665539,180.90185861076628,"{'max_spin': '0.22719947', 'spin_buried_vol': '43.944603', 'ionization_energy': '1.0990391969680786', 'electron_affinity': '-0.21599844098091125', 'bde': '75.088135', 'bde_diff': '-4.9518967', 'forced_terminal': True, 'smiles': 'CCC1=C(S)c2[nH]c(C)c([O])c2/C1=N\\O'}",True,CCC1=C(S)c2[nH]c(C)c([O])c2/C1=N\O,0.22719947,43.944603,1.0990391969680786,-0.21599844098091125,75.088135,-4.9518967,phenoxy,15
d82cb25a4422b54ccc4119ce7811b99685a68ff40b67ec0f62dd004326e0291c,3169548899056282305,stable_rad_c_large,2021-06-25 04:08:17.514621,180.8896683539663,"{'max_spin': '0.2216897', 'spin_buried_vol': '52.074352', 'ionization_energy': '1.0369336605072021', 'electron_affinity': '-0.4776018559932709', 'bde': '69.70056', 'bde_diff': '-0.9704056', 'forced_terminal': True, 'smiles': 'Nc1nnnn2c3c(nc12)N([O])C=CC3'}",True,Nc1nnnn2c3c(nc12)N([O])C=CC3,0.2216897,52.074352,1.0369336605072021,-0.4776018559932709,69.70056,-0.9704056,t_ban,15
dffa55d66a212d964faa64887e6eccdbba3cea3cbb279393dc3520b6098bc155,8543782478872734816,stable_rad_c_large,2021-06-25 06:07:24.782331,180.6603235900402,"{'max_spin': '0.1998948', 'spin_buried_vol': '50.734123', 'ionization_energy': '0.8115999698638916', 'electron_affinity': '-0.3056059777736664', 'bde': '79.354416', 'bde_diff': '-3.5532608', 'forced_terminal': True, 'smiles': 'C=C(O)c1oc2c(c1[O])C(N)=C(C)CC2'}",True,C=C(O)c1oc2c(c1[O])C(N)=C(C)CC2,0.1998948,50.734123,0.8115999698638916,-0.3056059777736664,79.354416,-3.5532608,phenoxy,15
04f382a3b634b45211ab519652065a49125550846338c43007ca799b5d760671,1938459298838656195,stable_rad_c_large,2021-06-25 04:08:31.485555,180.65000276480401,"{'max_spin': '0.22167782', 'spin_buried_vol': '52.09135', 'ionization_energy': '1.1800029277801514', 'electron_affinity': '-0.3688639998435974', 'bde': '69.70056', 'bde_diff': '-0.9704056', 'forced_terminal': True, 'smiles': '[O]N1C=CCc2c1nc1c(O)nnnn21'}",True,[O]N1C=CCc2c1nc1c(O)nnnn21,0.22167782,52.09135,1.1800029277801514,-0.3688639998435974,69.70056,-0.9704056,t_ban,15
6ecab9ec6e4fe279a210db2cf78ac82c285984571a49f9754f6398c4e35332f8,4539022914770432770,stable_rad_c_large,2021-06-25 04:52:30.414178,180.64741200208664,"{'max_spin': '0.26505843', 'spin_buried_vol': '43.900333', 'ionization_energy': '1.0520551204681396', 'electron_affinity': '-0.19224166870117188', 'bde': '71.37454', 'bde_diff': '-4.473137', 'forced_terminal': True, 'smiles': 'CCC1=C(CO)C(=N)c2[nH]c(C)c([O])c21'}",True,CCC1=C(CO)C(=N)c2[nH]c(C)c([O])c21,0.26505843,43.900333,1.0520551204681396,-0.19224166870117188,71.37454,-4.473137,phenoxy,15
5aebc0ea238c9837dc8251e75b9923d89d330ac8f221a4d65273ba8297340664,2999088572234364822,stable_rad_c_large,2021-06-25 04:30:46.052555,180.58802729845047,"{'max_spin': '0.40500078', 'spin_buried_vol': '50.838066', 'ionization_energy': '0.9963191151618958', 'electron_affinity': '-0.20317721366882324', 'bde': '73.57592', 'bde_diff': '8.424118', 'forced_terminal': True, 'smiles': 'CCc1c([O])c(C)n2c1C(=O)C/C2=N/O'}",True,CCc1c([O])c(C)n2c1C(=O)C/C2=N/O,0.40500078,50.838066,0.9963191151618958,-0.20317721366882324,73.57592,8.424118,phenoxy,15
a6fe3cb916959e26e1b5ff585ac9c58670179bfaacdb5c321ea1a55958e00994,6425641422547216505,stable_rad_c_large,2021-06-25 04:36:55.227210,180.50965485828266,"{'max_spin': '0.21856736', 'spin_buried_vol': '61.035023', 'ionization_energy': '1.1712915897369385', 'electron_affinity': '-0.09349795430898666', 'bde': '79.37944', 'bde_diff': '-5.1140823', 'forced_terminal': True, 'smiles': 'CS[C@@H]1C=C(N)c2c([O])c(C)cc(C)c21'}",True,CS[C@@H]1C=C(N)c2c([O])c(C)cc(C)c21,0.21856736,61.035023,1.1712915897369385,-0.09349795430898666,79.37944,-5.1140823,phenoxy,15
d4c7a772d2b9ff7101254d3a5017fc4fadef84ddab8936db0b798e9910b78c3a,430986675437276870,stable_rad_c_large,2021-06-25 04:51:05.973756,180.33705961704254,"{'max_spin': '0.2952873', 'spin_buried_vol': '45.101425', 'ionization_energy': '0.9484477639198303', 'electron_affinity': '-0.2328888177871704', 'bde': '68.14732', 'bde_diff': '-5.537628', 'forced_terminal': True, 'smiles': 'Cc1oc2c(c1N(C)[O])=C(CN)C(=O)C=2'}",True,Cc1oc2c(c1N(C)[O])=C(CN)C(=O)C=2,0.2952873,45.101425,0.9484477639198303,-0.2328888177871704,68.14732,-5.537628,t_ban,15
9b89f748557a19c60afb27848f64d2004b6c0fb10e8313f1352a1d4091beab07,7181670430061583209,stable_rad_c_large,2021-06-25 04:53:59.514459,180.30092972517014,"{'max_spin': '0.2733101', 'spin_buried_vol': '43.966434', 'ionization_energy': '1.0578213930130005', 'electron_affinity': '-0.20314061641693115', 'bde': '75.088135', 'bde_diff': '5.070221', 'forced_terminal': True, 'smiles': 'C=CC1=C(C)/C(=N/C)c2c1[nH]c(C)c2[O]'}",True,C=CC1=C(C)/C(=N/C)c2c1[nH]c(C)c2[O],0.2733101,43.966434,1.0578213930130005,-0.20314061641693115,75.088135,5.070221,phenoxy,15
5889311a928b1f77be5bd80a8c8aa3fc90c6a3e3717b1ff323e73e46a91ef5cb,6987715673740741032,stable_rad_c_large,2021-06-25 04:41:22.244033,180.26007521152496,"{'max_spin': '0.44018477', 'spin_buried_vol': '52.269314', 'ionization_energy': '0.8870365619659424', 'electron_affinity': '-0.3302023708820343', 'bde': '74.05092', 'bde_diff': '1.7940903', 'forced_terminal': True, 'smiles': 'C=CCc1c(N)oc(CSC(O)O)c1[O]'}",True,C=CCc1c(N)oc(CSC(O)O)c1[O],0.44018477,52.269314,0.8870365619659424,-0.3302023708820343,74.05092,1.7940903,phenoxy,15
61ba11250e2995c343f768c6beb2bdc86b6a7b42e446ac4b4ed2980e8432ce1f,6688819430262510759,stable_rad_c_large,2021-06-25 04:55:56.967073,180.24200880527496,"{'max_spin': '0.2746994', 'spin_buried_vol': '43.97698', 'ionization_energy': '1.0651687383651733', 'electron_affinity': '-0.22958162426948547', 'bde': '75.088135', 'bde_diff': '2.9453506', 'forced_terminal': True, 'smiles': 'CCC1=C(C)/C(=N\\S)c2c1[nH]c(C)c2[O]'}",True,CCC1=C(C)/C(=N\S)c2c1[nH]c(C)c2[O],0.2746994,43.97698,1.0651687383651733,-0.22958162426948547,75.088135,2.9453506,phenoxy,15
631b03579034a873e222a26129a65614db4405ebc0f6cad2a4f9c7c6505692b8,3481078027377647946,stable_rad_c_large,2021-06-25 04:29:16.180368,180.23659093039376,"{'max_spin': '0.3229915', 'spin_buried_vol': '52.270374', 'ionization_energy': '1.13825261592865', 'electron_affinity': '-0.04605580121278763', 'bde': '73.10287', 'bde_diff': '5.483696', 'forced_terminal': True, 'smiles': 'C=C1C(=O)C(=S)/C(=C(/O)C(C)(C)C)N1[O]'}",True,C=C1C(=O)C(=S)/C(=C(/O)C(C)(C)C)N1[O],0.3229915,52.270374,1.13825261592865,-0.04605580121278763,73.10287,5.483696,tempo,15
bd56157b9830c6c51c78d1eae87a6bdc1eb0e7fde8aebd89245075fb09e3dc18,8316802592267460567,stable_rad_c_large,2021-06-25 04:14:15.823038,180.17323511838913,"{'max_spin': '0.43737903', 'spin_buried_vol': '52.042187', 'ionization_energy': '0.9597185850143433', 'electron_affinity': '-0.20401602983474731', 'bde': '72.268074', 'bde_diff': '11.441162', 'forced_terminal': True, 'smiles': 'CCc1c([O])c(C)n(C(=O)O)c1SCO'}",True,CCc1c([O])c(C)n(C(=O)O)c1SCO,0.43737903,52.042187,0.9597185850143433,-0.20401602983474731,72.268074,11.441162,phenoxy,15
616bcbb78b32fa14a2e673b2f4dd65ed9e327d77f510554cdf39622adfa6f8ce,6305974788650114908,stable_rad_c_large,2021-06-25 04:08:18.534442,180.15476769208908,"{'max_spin': '0.3340601', 'spin_buried_vol': '46.857773', 'ionization_energy': '1.0133543014526367', 'electron_affinity': '-0.28610333800315857', 'bde': '67.25682', 'bde_diff': '17.129143', 'forced_terminal': True, 'smiles': 'CCN([O])c1oc(=O)n(C(N)=O)c1OO'}",True,CCN([O])c1oc(=O)n(C(N)=O)c1OO,0.3340601,46.857773,1.0133543014526367,-0.28610333800315857,67.25682,17.129143,t_ban,15
b561bd9695d7d9efca8616dd1e78fb4ad96234d6b78e9e5684a34d76d8172c6b,5782466455144289320,stable_rad_c_large,2021-06-25 04:51:10.594607,180.153944339071,"{'max_spin': '0.2789083', 'spin_buried_vol': '49.687172', 'ionization_energy': '1.1354862451553345', 'electron_affinity': '-0.18774285912513733', 'bde': '72.200455', 'bde_diff': '6.626976', 'forced_terminal': True, 'smiles': 'C#CC1=C(C)C(=N)c2[nH]c(CC)c([O])c21'}",True,C#CC1=C(C)C(=N)c2[nH]c(CC)c([O])c21,0.2789083,49.687172,1.1354862451553345,-0.18774285912513733,72.200455,6.626976,phenoxy,15
b64a7204f37f5a33f2457c8f0efcb374177bd43f517bb05bdef196449c097f4d,1699149663267717416,stable_rad_c_large,2021-06-25 04:19:05.845456,180.05158933997154,"{'max_spin': '0.24986787', 'spin_buried_vol': '42.544983', 'ionization_energy': '0.788016140460968', 'electron_affinity': '-0.3358639180660248', 'bde': '65.79994', 'bde_diff': '12.734962', 'forced_terminal': True, 'smiles': 'COC1=C(C#N)C2=C(C)N([O])CN2C1=O'}",True,COC1=C(C#N)C2=C(C)N([O])CN2C1=O,0.24986787,42.544983,0.788016140460968,-0.3358639180660248,65.79994,12.734962,tempo,15
d420a6b5eb1b63e0e138b961565f963366b6e50c2999daf96b397ba0db286e52,981367134993276692,stable_rad_c_large,2021-06-25 04:47:00.031020,180.040677181312,"{'max_spin': '0.29601577', 'spin_buried_vol': '49.69581', 'ionization_energy': '1.1286405324935913', 'electron_affinity': '-0.06754908710718155', 'bde': '74.499405', 'bde_diff': '7.913994', 'forced_terminal': True, 'smiles': 'CCc1[nH]c2c(c1[O])/C(=N\\OC)C(C)=C2'}",True,CCc1[nH]c2c(c1[O])/C(=N\OC)C(C)=C2,0.29601577,49.69581,1.1286405324935913,-0.06754908710718155,74.499405,7.913994,phenoxy,15
