,Species,YSI,SMILES,CAS,Formula,Ref,Type,YSI_err
0,2-~{tert}-butylfuran,107.5,CC(C)(C)c1ccco1,,,,,5.375
1,hex-2-yne,66.9,CC#CCCC,764-35-2,,,,3.3450000000000006
2,hept-2-yne,75.2,CC#CCCCC,1119-65-9,,,,3.7600000000000002
3,oct-2-yne,81.2,CC#CCCCCC,2809-67-8,,,,4.0600000000000005
4,"2,6,10-trimethyldodecane",109.8,CCC(C)CCCC(C)CCCC(C)C,3891-98-3,,,,5.49
5,1-pentoxypentane,49.8,CCCCCOCCCCC,,,,,2.49
6,2-(2-ethoxyethoxy)ethanol,15.1,CCOCCOCCO,111-90-0,,,,0.755
7,2-[2-(2-methoxypropoxy)propoxy]propan-1-ol,40.6,COC(C)COC(C)COC(C)CO,,,,,2.0300000000000002
8,nonan-2-ol,47.3,CCCCCCCC(C)O,628-99-9,,,,2.3649999999999998
9,hexyl hexanoate,66.7,CCCCCCOC(=O)CCCCC,,,,,3.3350000000000004
10,methyl decanoate,50.4,CCCCCCCCCC(=O)OC,,,,,2.52
11,4-butoxyheptane,60.3,CCCCOC(CCC)CCC,,,,,3.015
12,6-ethoxyundecane,68.5,CCCCCC(CCCCC)OCC,,,,,3.4250000000000003
13,4-hexoxyheptane,73.3,CCCCCCOC(CCC)CCC,,,,,3.665
14,methyl undecanoate,58.5,CCCCCCCCCCC(=O)OC,,,,,2.9250000000000003
15,2-phenylacetaldehyde,217.6,O=CCc1ccccc1,122-78-1,,,,10.88
16,1-phenylethanone,130.8,CC(=O)c1ccccc1,98-86-2,,,,6.540000000000001
17,2-methylfuran,41.5,Cc1ccco1,534-22-5,,,,2.075
18,2-ethylfuran,46.9,CCc1ccco1,3208-16-0,,,,2.345
19,2-propylfuran,53.8,CCCc1ccco1,4229-91-8,,,,2.69
20,2-butylfuran,58.6,CCCCc1ccco1,4466-24-4,,,,2.93
21,"2,3-dimethylfuran",54.6,Cc1ccoc1C,14920-89-9,,,,2.7300000000000004
22,"2,5-dimethylfuran",55.1,Cc1ccc(C)o1,625-86-5,,,,2.7550000000000003
23,oxolane,20.1,C1CCOC1,109-99-9,,,,1.0050000000000001
24,"2,3-dihydrofuran",24.941878904949636,C1=COCC1,1191-99-7,,,,1.2470939452474818
25,"2,5-dihydrofuran",25.115390201640224,C1=CCOC1,1708-29-8,,,,1.2557695100820112
26,2-methyloxolane,30.55889336663909,CC1CCCO1,96-47-9,,,,1.5279446683319546
27,"2,5-dimethyloxolane",43.4,CC1CCC(C)O1,1003-38-9,,,,2.17
28,furan-2-carbaldehyde,28.3,O=Cc1ccco1,98-01-1,,,,1.415
29,furan-2-ylmethanol,38.063531389994566,OCc1ccco1,98-00-0,,,,1.9031765694997285
30,5-methylfuran-2-carbaldehyde,44.116013920586816,Cc1ccc(C=O)o1,620-02-0,,,,2.205800696029341
31,anisole,111.0,COc1ccccc1,100-66-3,,,,5.550000000000001
32,benzyl alcohol,189.0,OCc1ccccc1,100-51-6,,,,9.450000000000001
33,3-methylphenol,103.0,Cc1cccc(O)c1,108-39-4,,,,5.15
34,benzaldehyde,119.0,O=Cc1ccccc1,100-52-7,,,,5.95
35,ethylbenzene,216.0,CCc1ccccc1,100-41-4,,,,10.8
36,phenetole,112.0,CCOc1ccccc1,103-73-1,,,,5.6000000000000005
37,benzyl methyl ether,202.0,COCc1ccccc1,538-86-3,,,,10.100000000000001
38,1-phenylethanol,142.0,CC(O)c1ccccc1,98-85-1,,,,7.1000000000000005
39,2-phenylethanol,207.0,OCCc1ccccc1,60-12-8,,,,10.350000000000001
40,2-ethylphenol,120.0,CCc1ccccc1O,90-00-6,,,,6.0
41,3-ethylphenol,138.0,CCc1cccc(O)c1,620-17-7,,,,6.9
42,2-xylene,200.0,Cc1ccccc1C,95-47-6,,,,10.0
43,4-xylene,202.0,Cc1ccc(C)cc1,106-42-3,,,,10.100000000000001
44,2-methylanisole,122.0,COc1ccccc1C,578-58-5,,,,6.1000000000000005
45,3-methylanisole,126.0,COc1cccc(C)c1,100-84-5,,,,6.300000000000001
46,4-methylanisole,123.0,COc1ccc(C)cc1,104-93-8,,,,6.15
47,3-methyl benzyl alcohol,243.0,Cc1cccc(CO)c1,587-03-1,,,,12.15
48,"2,4-dimethylphenol",144.0,Cc1ccc(O)c(C)c1,105-67-9,,,,7.2
49,Aniline,84.56914112624855,Nc1ccccc1,62-53-3,C6H7N,,,4.228457056312428
50,Hexylamine,26.630577535477663,CCCCCCN,111-26-2,C6H15N ,,,1.3315288767738833
51,Pyridine,34.632354195853274,c1ccncc1,110-86-1,C5H5N,,,1.7316177097926637
52,Piperidine,23.056350443065767,C1CCNCC1,110-89-4,C5H11N,,,1.1528175221532884
53,Morpholine,8.768395092120821,C1COCCN1,110-91-8,C4H9NO,,,0.4384197546060411
54,Pyrrolidine,13.843180132745507,C1CCNC1,123-75-1,C4H9N,,,0.6921590066372754
55,Diisopropylamine,32.007165637888136,CC(C)NC(C)C,108-18-9,C6H15N,,,1.6003582818944069
56,tert-butylamine,21.096979834322667,CC(C)(C)N,75-64-9,C4H11N,,,1.0548489917161334
57,n-butylamine,15.042157956902305,CCCCN,109-73-9,C4H11N,,,0.7521078978451152
58,isobutylamine,23.364642743013178,CC(C)CN,78-81-9,C4H11N,,,1.168232137150659
59,sec-butylamine,18.558233942169,CCC(C)N,13952-84-6,C4H11N,,,0.92791169710845
60,N-isopropylmethylamine,18.10543146387285,CNC(C)C,4747-21-1,C4H11N,,,0.9052715731936426
61,2-methylpyridine,64.97090145827372,Cc1ccccn1,109-06-8,C6H7N,,,3.2485450729136858
62,3-methylpyridine,66.05620089722818,Cc1cccnc1,108-99-6,C6H7N,,,3.3028100448614093
63,4-methylpyridine,65.65246500755302,Cc1ccncc1,108-89-4,C6H7N,,,3.282623250377651
64,o-toluidine,114.4255294111452,Cc1ccccc1N, 95-53-4,C7H9N,,,5.72127647055726
65,m-toluidine,119.64718601009514,Cc1cccc(N)c1,108-44-1,C7H9N,,,5.982359300504758
66,2-methylpiperidine,27.311047387259787,CC1CCCCN1,109-05-7,C6H13N,,,1.3655523693629894
67,3-methylpiperidine,33.62636560326946,CC1CCCNC1,626-56-2,C6H13N,,,1.6813182801634732
68,Dipropylamine,22.45477328100317,CCCNCCC,142-84-7,C6H15N,,,1.1227386640501587
69,"3,3-dimethylbutylamine",40.79086278324132,CC(C)(C)CCN,15673-00-4,C6H15N,,,2.0395431391620664
70,"1,2,3,6-tetrahydropyridine",32.92668154763628,C1=CCNCC1,694-05-3,C5H9N,,,1.646334077381814
71,Propargylamine,25.354331406647486,C#CCN,2450-71-7,C3H5N,,,1.2677165703323743
72,"N,N-dimethylallylamine",34.60957651969491,C=CCN(C)C,2155-94-4,C5H11N,,,1.7304788259847457
73,allylamine,30.791151743181967,C=CCN,107-11-9,C3H7N,,,1.5395575871590985
74,formamide,-3.1015238019745155,NC=O,75-12-7,CH3NO,,,0.15507619009872578
75,N-ethylformamide,4.3091066807672584,CCNC=O,627-45-2,C3H7NO,,,0.21545533403836292
76,N-(1-pentyl)formamide,19.13820218507689,CCCCCNC=O,2591-79-9,C6H13NO,,,0.9569101092538445
77,N-(phenethyl)formamide,216.78343147031853,O=CNCCc1ccccc1,23069-99-0,C9H11NO,,,10.839171573515927
78,quinoline,214.59914175313355,c1ccc2ncccc2c1,91-22-5,C9H7N,,,10.729957087656679
79,dibutylamine,31.27368764707159,CCCCNCCCC,111-92-2,C8H19N,,,1.5636843823535795
80,tributylamine,53.383361417338726,CCCCN(CCCC)CCCC,102-82-9,C12H27N,,,2.6691680708669363
81,"N,N-dimethylformamide",6.550386843087238,CN(C)C=O,68-12-2,C3H7NO,,,0.3275193421543619
82,"N,N-dimethylacetamide",9.688635793253884,CC(=O)N(C)C,127-19-5,C4H9NO,,,0.4844317896626942
83,quinaldine,311.1865273287641,Cc1ccc2ccccc2n1,91-63-4,C10H9N,,,15.559326366438206
84,N-butylaniline,124.48558725859422,CCCCNc1ccccc1,1126-78-9,C10H15N,,,6.224279362929711
85,2-ethyl hexyl nitrate,39.15580129030332,CCCCC(CC)CO[N+](=O)[O-],27247-96-7,C8H18NO3,,,1.9577900645151662
86,n-butyl nitrite,11.209183433850331,CCCCON=O,544-16-1,C4 H9NO2,,,0.5604591716925166
87,tert-butyl nitrite,11.192841538074248,CC(C)(C)ON=O,540-80-7,C4 H9NO3,,,0.5596420769037124
88,Isopropyl nitrate ,1.0531128274361024,CC(C)O[N+](=O)[O-],‎1712-64-7,C3H7NO3,,,0.05265564137180512
89,1-methyl indole,220.11792666444504,Cn1ccc2ccccc21,603-76-9,C9H9N,,,11.005896333222253
90,indoline,176.05255891606518,c1ccc2c(c1)CCN2,496-15-1,C8H9N,,,8.802627945803259
91,benzophenone imine,447.57092252166467,N=C(c1ccccc1)c1ccccc1,1013-88-3,C13H11N,,,22.378546126083236
92,"1,5-Diazabicyclo[4.3.0]non-5-ene",27.89167748368153,C1CN=C2CCCN2C1,3001-72-7,C7H12N2,,,1.3945838741840766
93,"1,2,3,4-tetrahydroquinoline",155.06364333353852,c1ccc2c(c1)CCCN2,635-46-1,C9H11N,,,7.753182166676926
94,Acetonitrile,1.0290075608425866,CC#N,75-05-8,C2H3N,,,0.05145037804212933
95,Acrylonitrile,12.855544649636679,C=CC#N,107-13-1,C3H3N,,,0.6427772324818339
96,Pyridazine,15.43851190540325,c1ccnnc1,289-80-5,C4H4N2,,,0.7719255952701625
97,1-acetyl indole,187.0776255483595,CC(=O)n1ccc2ccccc21,576-15-8,C10H9NO,,,9.353881277417974
98,Azetidine,6.10203436630718,C1CNC1,503-29-7,C3H7N,,,0.30510171831535904
99,"2,2,4,4-tetramethyl-3-pentanone imine",62.29861294496168,CC(C)(C)C(=N)C(C)(C)C,29097-52-7,C9H19N,,,3.114930647248084
100,N-methylpropionamide,7.0226122074924335,CCC(=O)NC,1187-58-2,‎C4H9NO,,,0.3511306103746217
101,"1,8-Diazabicyclo[5.4.0]undec-7-ene",45.912726980125456,C1CCC2=NCCCN2CC1,6674-22-2,C9H16N2,,,2.295636349006273
102,Nitrobenzene,98.94593855197706,O=[N+]([O-])c1ccccc1,98-95-3,C6H5NO2,,,4.947296927598853
103,Pyrrole,22.914535856801706,c1cc[nH]c1,109-97-7,C4H5N,,,1.1457267928400854
104,benzylamine,196.82117177068517,NCc1ccccc1,100-46-9,C7H9N,,,9.84105858853426
105,Valeronitrile,21.657673733215987,CCCCC#N,110-59-8,C5H9N,,,1.0828836866607994
106,N-benzylmethylamine,193.04608878989941,CNCc1ccccc1,103-67-3,C8H11N,,,9.652304439494971
107,N-ethylaniline,110.81166182754791,CCNc1ccccc1,103-69-5,C8H11N,,,5.540583091377396
108,N-methylaniline,104.17137242928943,CNc1ccccc1,100-61-8,C7H9N,,,5.208568621464472
109,Propanenitrile,11.404521122312085,CCC#N,107-12-0,C3H5N,,,0.5702260561156043
110,1-methylbenzylamine,143.87988617076266,CC(N)c1ccccc1,618-36-0,C8H11N,,,7.193994308538134
111,Butryonitrile,15.775245245108067,CCCC#N,109-74-0,C4H7N,,,0.7887622622554034
112,Acrolein dimethyl acetal,15.5,C=CC(OC)OC,6044-68-4,,,,0.775
113,Acrolein diethyl acetal,26.6,C=CC(OCC)OCC,3054-95-3,,,,1.33
114,dibutoxymethane,47.7,CCCCOCOCCCC,2568-90-3,,,,2.3850000000000002
115,"DL-1,2-isopropylideneglycerol",18.7,CC1(C)OCC(CO)O1,100-79-8,,,,0.935
116,"2-methyl-1,3-dioxolane",11.1,CC1OCCO1,497-26-7,,,,0.555
117,"2,2-dimethyl-1,3-dioxolane",17.4,CC1(C)OCCO1,2916-31-6,,,,0.87
118,"2,2,4-trimethyl-1,3-dioxolane",25.6,CC1COC(C)(C)O1,1193-11-9,,,,1.2800000000000002
119,"2‐ethyl‐2‐methyl‐1,3‐dioxolane",21.1,CCC1(C)OCCO1,126-39-6,,,,1.0550000000000002
120,"4,5‐dimethyl‐2‐(pentan‐3‐yl)‐1,3‐dioxolane",57.8,CCC(CC)C1OC(C)C(C)O1,,,,,2.89
121,"2‐(heptan‐3‐yl)‐4,5‐dimethyl‐1,3‐dioxolane",68.5,CCCCC(CC)C1OC(C)C(C)O1,61732-91-0,,,,3.4250000000000003
122,"4,5‐dimethyl‐2‐propyl‐1,3‐dioxolane",36.5,CCCC1OC(C)C(C)O1,6414-34-2,,,,1.8250000000000002
123,"4,5‐dimethyl‐2‐pentyl‐1,3‐dioxolane",48.7,CCCCCC1OC(C)C(C)O1,155639-75-1,,,,2.4350000000000005
124,"2‐heptyl‐4,5‐dimethyl‐1,3‐dioxolane",63.2,CCCCCCCC1OC(C)C(C)O1,61732-90-9,,,,3.16
125,"1,1‐diethoxyhexane",42.9,CCCCCC(OCC)OCC,3658-93-3,,,,2.145
126,"1,1‐diethoxyoctane",59.6,CCCCCCCC(OCC)OCC,5660-81-1,,,,2.9800000000000004
127,"1,2-diphenylbenzene",1338.9,c1ccc(-c2ccccc2-c2ccccc2)cc1,84-15-1,,2.0,aromatic,50.0
128,cyclopenta[def]phenanthrene,1312.8,c1cc2c3c(c1)ccc1cccc(c13)C2,203-64-5,,2.0,aromatic,73.5
129,fluoranthene,1291.9,c1ccc2c(c1)-c1cccc3cccc-2c13,206-44-0,,2.0,aromatic,72.4
130,"1,3-diphenylbenzene",1286.6,c1ccc(-c2cccc(-c3ccccc3)c2)cc1,92-06-8,,2.0,aromatic,72.3
131,pyrene,1250.1,c1cc2ccc3cccc4ccc(c1)c2c34,129-00-0,,2.0,aromatic,70.1
132,4-benzyl-biphenyl,1192.6,c1ccc(Cc2ccc(-c3ccccc3)cc2)cc1,613-42-3,,2.0,aromatic,67.2
133,9-methylanthracene,1182.1,Cc1c2ccccc2cc2ccccc12,779-02-2,,2.0,aromatic,44.1
134,1-phenylnaphthalene,1103.7,c1ccc(-c2cccc3ccccc23)cc1,605-02-7,,2.0,aromatic,41.4
135,triphenylmethane,1093.3,c1ccc(C(c2ccccc2)c2ccccc2)cc1,519-73-3,,2.0,aromatic,61.5
136,dibenzosuberane,1067.2,c1ccc2c(c1)CCc1ccccc1C2,833-48-7,,2.0,aromatic,40.1
137,1-methylfluorene,1014.9,Cc1cccc2c1Cc1ccccc1-2,1730-37-6,,2.0,aromatic,38.2
138,"9,10-dihydroanthracene",988.8,c1ccc2c(c1)Cc1ccccc1C2,613-31-0,,2.0,aromatic,37.0
139,fluorene,988.8,c1ccc2c(c1)Cc1ccccc1-2,86-73-7,,2.0,aromatic,37.0
140,"2,2Í-dimethylbiphenyl",983.5,Cc1ccccc1-c1ccccc1C,605-39-0,,2.0,aromatic,36.9
141,anthracene,962.6,c1ccc2cc3ccccc3cc2c1,120-12-7,,2.0,aromatic,103.7
142,"9,10-dihydrophenanthrene",952.2,c1ccc2c(c1)CCc1ccccc1-2,776-35-2,,2.0,aromatic,35.7
143,phenanthrene,941.7,c1ccc2c(c1)ccc1ccccc12,85-01-8,,2.0,aromatic,35.1
144,2-phenylindene,931.3,C1=C(c2ccccc2)Cc2ccccc21,4505-48-0,,2.0,aromatic,35.0
145,"3,3Í-dimethylbiphenyl",931.3,Cc1cccc(-c2cccc(C)c2)c1,612-75-9,,2.0,aromatic,52.9
146,"4,4Í-dimethylbiphenyl",899.9,Cc1ccc(-c2ccc(C)cc2)cc1,613-33-2,,2.0,aromatic,51.2
147,2-methylbiphenyl,863.3,Cc1ccccc1-c1ccccc1,643-58-3,,2.0,aromatic,32.5
148,4-pentylbiphenyl,863.3,CCCCCc1ccc(-c2ccccc2)cc1,7116-96-3,,2.0,aromatic,32.5
149,4-butylbiphenyl,847.7,CCCCc1ccc(-c2ccccc2)cc1,37909-95-8,,2.0,aromatic,31.8
150,4-propylbiphenyl,821.5,CCCc1ccc(-c2ccccc2)cc1,10289-45-9,,2.0,aromatic,30.6
151,4-ethylbiphenyl,811.1,CCc1ccc(-c2ccccc2)cc1,5707-44-8,,2.0,aromatic,30.5
152,"1,1-diphenylpropane",805.8,CCC(c1ccccc1)c1ccccc1,1530-03-6,,2.0,aromatic,30.5
153,acenaphthene,805.8,c1cc2c3c(cccc3c1)CC2,83-32-9,,2.0,aromatic,30.5
154,"1,5-dimethylnaphthalene",779.7,Cc1cccc2c(C)cccc12,571-61-9,,2.0,aromatic,29.3
155,3-methylbiphenyl,779.7,Cc1cccc(-c2ccccc2)c1,643-93-6,,2.0,aromatic,29.3
156,"2,6-dimethylnaphthalene",774.5,Cc1ccc2cc(C)ccc2c1,581-42-0,,2.0,aromatic,29.2
157,4-methylbiphenyl,769.3,Cc1ccc(-c2ccccc2)cc1,644-08-6,,2.0,aromatic,28.7
158,"trans 1,2-diphenylpropene",753.6,C/C(=C\c1ccccc1)c1ccccc1,833-81-8,,2.0,aromatic,28.5
159,"2,3-dimethylnaphthalene",748.4,Cc1cc2ccccc2cc1C,581-40-8,,2.0,aromatic,28.0
160,"1,1-diphenylethylene",743.1,C=C(c1ccccc1)c1ccccc1,530-48-3,,2.0,aromatic,28.0
161,"1,2-dimethylnaphthalene",743.1,Cc1ccc2ccccc2c1C,573-98-8,,2.0,aromatic,28.0
162,"1,3-dimethylnaphthalene",743.1,Cc1cc(C)c2ccccc2c1,575-41-7,,2.0,aromatic,28.0
163,1-ethylnaphthalene,732.7,CCc1cccc2ccccc12,1127-76-0,,2.0,aromatic,27.4
164,"2,2-diphenylpropane",727.5,CC(C)(c1ccccc1)c1ccccc1,778-22-3,,2.0,aromatic,27.3
165,"1,4-dimethylnaphthalene",711.8,Cc1ccc(C)c2ccccc12,571-58-4,,2.0,aromatic,26.7
166,2-ethylnaphthalene,701.3,CCc1ccc2ccccc2c1,939-27-5,,2.0,aromatic,26.6
167,1-methylnaphthalene,649.1,Cc1cccc2ccccc12,90-12-0,,2.0,aromatic,24.7
168,2-methylnaphthalene,649.1,Cc1ccc2ccccc2c1,91-57-6,,2.0,aromatic,24.7
169,diphenylacetylene,638.6,C(#Cc1ccccc1)c1ccccc1,501-65-5,,2.0,aromatic,24.1
170,biphenyl,612.5,c1ccc(-c2ccccc2)cc1,92-52-4,,2.0,aromatic,22.9
171,diphenylmethane,612.5,c1ccc(Cc2ccccc2)cc1,101-81-5,,2.0,aromatic,22.9
172,"1,5-dimethyltetralin",607.3,Cc1cccc2c1CCCC2C,21564-91-0,,2.0,aromatic,22.9
173,"cis 1,2-diphenylethylene",602.0,C(=C\c1ccccc1)\c1ccccc1,645-49-8,,2.0,aromatic,22.8
174,"trans 1,2-diphenylethylene",602.0,C(=C/c1ccccc1)\c1ccccc1,103-30-0,,2.0,aromatic,34.8
175,hexamethylbenzene,565.4,Cc1c(C)c(C)c(C)c(C)c1C,87-85-4,,2.0,aromatic,21.5
176,"4,4Í-dimethylbibenzyl",549.8,Cc1ccc(CCc2ccc(C)cc2)cc1,538-39-6,,2.0,aromatic,20.9
177,"1-ethynyl-2,5-dimethylbenzene",512.7,C#Cc1cc(C)ccc1C,74331-70-7,,1.0,aromatic,19.6
178,2-methylindene,500.1,CC1=Cc2ccccc2C1,2177-47-1,,1.0,aromatic,19.1
179,azulene,492.3,c1ccc2cccc-2cc1,275-51-4,,2.0,aromatic,19.0
180,1-ethynyl-2-methylbenzene,485.0,C#Cc1ccccc1C,766-47-2,,1.0,aromatic,18.5
181,pentamethylbenzene,481.8,Cc1cc(C)c(C)c(C)c1C,700-12-9,,2.0,aromatic,18.4
182,(1-butynyl)-benzene,480.8,CCC#Cc1ccccc1,622-76-4,,1.0,aromatic,18.4
183,bibenzyl,471.4,c1ccc(CCc2ccccc2)cc1,103-29-7,,2.0,aromatic,17.9
184,"1-ethenyl-2,5-dimethylbenzene",469.3,C=Cc1cc(C)ccc1C,2039-89-6,,1.0,aromatic,17.8
185,indene,467.7,C1=Cc2ccccc2C1,95-13-6,,1.0,aromatic,17.8
186,"1,2-dihydronaphthalene",466.1,C1=Cc2ccccc2CC1,447-53-0,,1.0,aromatic,17.8
187,naphthalene,466.1,c1ccc2ccccc2c1,91-20-3,,1.0,aromatic,8.4
188,(2-propynyl)-benzene,443.7,C#CCc1ccccc1,10147-11-2,,1.0,aromatic,17.1
189,1-ethynyl-4-ethylbenzene,442.6,C#Cc1ccc(CC)cc1,40307-11-7,,1.0,aromatic,17.1
190,indane,439.5,c1ccc2c(c1)CCC2,496-11-7,,1.0,aromatic,16.6
191,(2-methyl-1-propenyl)-benzene,436.9,CC(C)=Cc1ccccc1,768-49-0,,1.0,aromatic,16.6
192,(1-propynyl)-benzene,427.5,CC#Cc1ccccc1,673-32-5,,1.0,aromatic,16.5
193,"1,3-diphenylpropane",413.9,c1ccc(CCCc2ccccc2)cc1,1081-75-0,,2.0,aromatic,15.9
194,4-tert-butyltoluene,410.8,Cc1ccc(C(C)(C)C)cc1,98-51-1,,1.0,aromatic,15.9
195,1-ethenyl-2-methylbenzene,408.1,C=Cc1ccccc1C,611-15-4,,1.0,aromatic,15.9
196,"1,2,3,4-tetramethylbenzene",393.0,Cc1ccc(C)c(C)c1C,488-23-3,,1.0,aromatic,15.3
197,"1,2,4,5-tetramethylbenzene",393.0,Cc1cc(C)c(C)cc1C,95-93-2,,2.0,aromatic,15.3
198,"1,2,3,5-tetramethylbenzene",386.2,Cc1cc(C)c(C)c(C)c1,527-53-7,,1.0,aromatic,14.8
199,1-ethynyl-3-methylbenzene,384.6,C#Cc1cccc(C)c1,766-82-5,,1.0,aromatic,14.7
200,cyclohexylbenzene,377.3,c1ccc(C2CCCCC2)cc1,827-52-1,,2.0,aromatic,14.7
201,"1,2-diethylbenzene",376.3,CCc1ccccc1CC,135-01-3,,1.0,aromatic,14.7
202,1-ethynyl-4-methylbenzene,374.7,C#Cc1ccc(C)cc1,766-97-2,,1.0,aromatic,14.7
203,"1,3-diisopropylbenzene",353.3,CC(C)c1cccc(C(C)C)c1,99-62-7,,1.0,aromatic,14.0
204,(1-propenyl)-benzene,352.2,C/C=C/c1ccccc1,637-50-3,,1.0,aromatic,13.5
205,cyclopropylbenzene,343.9,c1ccc(C2CC2)cc1,873-49-4,,1.0,aromatic,13.5
206,tetralin,336.0,c1ccc2c(c1)CCCC2,119-64-2,,1.0,aromatic,13.4
207,1-isopropyl-4-methylbenzene,330.3,Cc1ccc(C(C)C)cc1,99-87-6,,1.0,aromatic,12.9
208,n-tetradecylbenzene,330.3,CCCCCCCCCCCCCCc1ccccc1,1459-10-5,,2.0,aromatic,20.2
209,1-ethenyl-3-methylbenzene,322.4,C=Cc1cccc(C)c1,100-80-1,,1.0,aromatic,12.8
210,"1,3-diethylbenzene",320.9,CCc1cccc(CC)c1,141-93-5,,1.0,aromatic,12.8
211,diphenylformaldehyde,319.8,O=C(c1ccccc1)c1ccccc1,119-61-9,,2.0,aromatic,19.6
212,n-tridecylbenzene,319.8,CCCCCCCCCCCCCc1ccccc1,123-02-4,,2.0,aromatic,12.8
213,1-ethenyl-4-methylbenzene,318.8,C=Cc1ccc(C)cc1,622-97-9,,1.0,aromatic,12.8
214,"1,2,3-trimethylbenzene",315.1,Cc1cccc(C)c1C,526-73-8,,1.0,aromatic,12.3
215,(2-propenyl)-benzene,310.9,C=CCc1ccccc1,300-57-2,,1.0,aromatic,12.3
216,"1,3,5-trimethylbenzene",310.9,Cc1cc(C)cc(C)c1,108-67-8,,1.0,aromatic,12.3
217,"1,2,4-trimethylbenzene",308.3,Cc1ccc(C)c(C)c1,95-63-6,,1.0,aromatic,12.2
218,n-dodecylbenzene,304.1,CCCCCCCCCCCCc1ccccc1,123-01-3,,2.0,aromatic,12.2
219,(3-butynyl)-benzene,298.9,C#CCCc1ccccc1,16520-62-0,,1.0,aromatic,11.7
220,n-undecylbenzene,293.7,CCCCCCCCCCCc1ccccc1,6742-54-7,,2.0,aromatic,11.7
221,"(1,1-dimethylethyl)-benzene",291.1,CC(C)(C)c1ccccc1,98-06-6,,1.0,aromatic,11.6
222,(1-methylethenyl)-benzene,286.4,C=C(C)c1ccccc1,98-83-9,,1.0,aromatic,11.6
223,n-decylbenzene,283.2,CCCCCCCCCCc1ccccc1,104-72-3,,2.0,aromatic,11.6
224,n-nonylbenzene,283.2,CCCCCCCCCc1ccccc1,1081-77-2,,2.0,aromatic,11.6
225,1-ethyl-3-methylbenzene,278.0,CCc1cccc(C)c1,620-14-4,,1.0,aromatic,11.1
226,(3-butenyl)-benzene,275.9,C=CCCc1ccccc1,768-56-9,,1.0,aromatic,11.1
227,"(2,2-dimethylpropyl)-benzene",272.8,CC(C)(C)Cc1ccccc1,1007-26-7,,1.0,aromatic,11.0
228,"1,4-diethylbenzene",270.7,CCc1ccc(CC)cc1,105-05-5,,1.0,aromatic,11.0
229,1-ethyl-2-methylbenzene,267.0,CCc1ccccc1C,611-14-3,,1.0,aromatic,11.0
230,(3-methylbutyl)-benzene,258.1,CC(C)CCc1ccccc1,2049-94-7,,1.0,aromatic,10.5
231,(2-methylpropyl)-benzene,257.6,CC(C)Cc1ccccc1,538-93-2,,1.0,aromatic,10.5
232,1-ethyl-4-methylbenzene,257.1,CCc1ccc(C)cc1,622-96-8,,1.0,aromatic,10.5
233,n-heptylbenzene,257.1,CCCCCCCc1ccccc1,1078-71-3,,2.0,aromatic,10.5
234,n-octylbenzene,257.1,CCCCCCCCc1ccccc1,2189-60-8,,2.0,aromatic,10.5
235,n-pentylbenzene,255.0,CCCCCc1ccccc1,538-68-1,,1.0,aromatic,10.5
236,n-hexylbenzene,246.7,CCCCCCc1ccccc1,1077-16-3,,2.0,aromatic,9.9
237,n-butylbenzene,245.1,CCCCc1ccccc1,104-51-8,,1.0,aromatic,9.9
238,diphenyl ether,241.4,c1ccc(Oc2ccccc2)cc1,101-84-8,,2.0,aromatic,9.9
239,propylbenzene,235.7,CCCc1ccccc1,103-65-1,,1.0,aromatic,9.9
241,"1,3-dimethylbenzene",221.6,Cc1cccc(C)c1,108-38-3,,1.0,aromatic,9.3
242,phenylacetylene,216.3,C#Cc1ccccc1,536-74-3,,1.0,aromatic,9.3
245,(1-methylpropyl)-benzene,199.1,CCC(C)c1ccccc1,135-98-8,,1.0,aromatic,8.7
246,methylcyclopentadiene dimer,189.2,CC1=CC2C3CC(C=C3C)C2C1,26472-00-4,,2.0,aromatic,8.2
247,isopropylbenzene,187.6,CC(C)c1ccccc1,98-82-8,,1.0,aromatic,8.2
248,"1-methyl-1,4-cyclohexadiene",175.6,CC1=CCC=CC1,4313-57-9,,1.0,aliphatic,7.7
249,styrene,174.0,C=Cc1ccccc1,100-42-5,,1.0,aromatic,7.7
250,toluene,170.9,Cc1ccccc1,108-88-3,,1.0,aromatic,7.7
251,dicyclopentadiene,157.8,C1=CC2C3C=CC(C3)C2C1,77-73-6,,2.0,aromatic,7.2
252,bromobenzene,137.4,Brc1ccccc1,108-86-1,,1.0,aromatic,6.7
253,chlorobenzene,128.0,Clc1ccccc1,108-90-7,,1.0,aromatic,6.7
254,cyanobenzene,115.0,N#Cc1ccccc1,100-47-0,,1.0,aromatic,6.3
257,fluorobenzene,106.6,Fc1ccccc1,462-06-6,,1.0,aromatic,5.8
258,cis + trans decahydronaphthalene,105.5,C1CCC2CCCCC2C1,91-17-8,,2.0,aromatic,5.8
259,"1,4-cyclohexadiene",101.4,C1=CCC=CC1,628-41-1,,1.0,aliphatic,5.8
260,benzene,100.3,c1ccccc1,71-43-2,,1.0,aromatic,5.8
261,bicyclohexyl,100.3,C1CCC(C2CCCCC2)CC1,92-51-3,,2.0,aromatic,3.5
262,"2,2,4,6,6-pentamethylheptane",99.3,CC(CC(C)(C)C)CC(C)(C)C,13475-82-6,,3.0,linear alkanes,2.9
263,"1,3-cyclohexadiene",98.8,C1=CCCC=C1,592-57-4,,1.0,aliphatic,5.8
264,1-methylcyclopentene,96.5,CC1=CCCC1,693-89-0,,3.0,cyclic alkenes,2.8
265,1-dodecene,90.3,C=CCCCCCCCCCC,112-41-4,,3.0,alkenes,2.6
266,"2,4,4-trimethyl-2-pentene",89.3,CC(C)=CC(C)(C)C,107-40-4,,3.0,alkenes,2.6
267,"2,3,4-trimethyl-2-pentene",87.0,CC(C)=C(C)C(C)C,565-77-5,,3.0,alkenes,2.5
268,"1,2,4-trimethylcyclohexane",82.8,CC1CCC(C)C(C)C1,2234-75-5,,3.0,cyclic alkanes,2.4
269,butylcyclohexane,76.8,CCCCC1CCCCC1,1678-93-9,,3.0,cyclic alkanes,2.2
270,1-decene,74.8,C=CCCCCCCCC,872-05-9,,3.0,alkenes,2.2
271,isopropylcyclohexane,74.7,CC(C)C1CCCCC1,696-29-7,,3.0,cyclic alkanes,2.2
272,1-octyne,74.1,C#CCCCCCC,629-05-0,,3.0,alkynes/alkadienes,2.2
273,"2,3,3-trimethyl-1-butene",72.8,C=C(C)C(C)(C)C,594-56-9,,3.0,alkenes,2.2
274,n-dodecane,71.7,CCCCCCCCCCCC,112-40-3,,3.0,linear alkanes,2.1
275,cyclopentene,70.2,C1=CCCC1,142-29-0,,3.0,cyclic alkenes,2.1
276,propylcyclohexane,69.2,CCCC1CCCCC1,1678-92-8,,3.0,cyclic alkanes,2.1
277,"2,4,4-trimethyl-1-pentene",68.5,C=C(C)CC(C)(C)C,107-39-1,,3.0,alkenes,2.1
278,"1,1-dimethylcyclohexane",67.9,CC1(C)CCCCC1,590-66-9,,3.0,cyclic alkanes,2.1
279,"2-methyl-1,5-hexadiene",67.7,C=CCCC(=C)C,4049-81-4,,3.0,alkynes/alkadienes,2.1
280,"1,3-dimethylcyclohexane",67.6,CC1CCCC(C)C1,591-21-9,,3.0,cyclic alkanes,2.1
281,"1,4-dimethylcyclohexane",67.6,CC1CCC(C)CC1,589-90-2,,3.0,cyclic alkanes,2.1
282,"2,2,4,4-tetramethyl-3-pentanone",65.8,CC(C)(C)C(=O)C(C)(C)C,815-24-7,,3.0,saturated alkanone,2.0
283,"cis 1,2-dimethylcyclohexane",65.2,C[C@H]1CCCC[C@H]1C,1/4/2207,,3.0,cyclic alkanes,2.0
284,n-undecane,64.7,CCCCCCCCCCC,1120-21-4,,3.0,linear alkanes,2.0
285,2-methyl-2-heptene,64.5,CCCCC=C(C)C,627-97-4,,3.0,alkenes,2.0
286,1-nonene,64.4,C=CCCCCCCC,124-11-8,,3.0,alkenes,2.0
287,isoamyl ether,63.6,CC(C)CCOCCC(C)C,544-01-4,,3.0,saturated ethers,2.0
288,"2,3-dimethyl-2-butene",62.4,CC(C)=C(C)C,563-79-1,,3.0,alkenes,2.0
289,"3,5,5-trimethylhexanal",62.3,CC(CC=O)CC(C)(C)C,5435-64-3,,3.0,saturated aldehyde,2.0
290,methyl cyclopentyl ether,62.3,COC1CCCC1,5614-37-9,,3.0,saturated ethers,2.0
291,"2,2,4-trimethylpentane",61.7,CC(C)CC(C)(C)C,540-84-1,,3.0,linear alkanes,2.0
292,"4,4-dimethyl-1-pentene",61.4,C=CCC(C)(C)C,762-62-9,,3.0,alkenes,2.0
293,"2,3,4-trimethylpentane",60.9,CC(C)C(C)C(C)C,565-75-3,,3.0,linear alkanes,2.0
294,ethylcyclohexane,60.7,CCC1CCCCC1,1678-91-7,,3.0,cyclic alkanes,2.0
295,"2,3-dimethylheptane",60.2,CCCCC(C)C(C)C,3074-71-3,,3.0,linear alkanes,2.0
296,3-ethyl-2-pentene,59.8,CC=C(CC)CC,816-79-5,,3.0,alkenes,2.0
297,trans 4-octene,59.8,CCC/C=C/CCC,14850-23-8,,3.0,alkenes,2.0
298,"2,4,4-trimethyl-1-pentanol",59.0,CC(CO)CC(C)(C)C,16325-63-6,,3.0,saturated alcohols,2.0
299,trans 3-octene,58.8,CC/C=C/CCCC,14919-01-8,,3.0,alkenes,2.0
300,ethylcyclopentane,58.6,CCC1CCCC1,1640-89-7,,3.0,cyclic alkanes,2.0
301,cyclooctane,57.7,C1CCCCCCC1,292-64-8,,3.0,cyclic alkanes,2.0
302,n-decane,57.2,CCCCCCCCCC,124-18-5,,3.0,linear alkanes,2.0
303,trans 2-octene,56.7,C/C=C/CCCCC,13389-42-9,,3.0,alkenes,2.0
304,2-methyl-1-heptene,56.6,C=C(C)CCCCC,15870-10-7,,3.0,alkenes,2.0
305,"2,4-dimethylhexane",56.1,CCC(C)CC(C)C,589-43-5,,3.0,linear alkanes,2.0
306,"2,5-dimethylhexane",56.1,CC(C)CCC(C)C,592-13-2,,3.0,linear alkanes,2.0
307,1-octene,56.0,C=CCCCCCC,111-66-0,,3.0,alkenes,2.0
308,"2,6-dimethyl-4-heptanone",55.8,CC(C)CC(=O)CC(C)C,108-83-8,,3.0,saturated alkanone,2.0
309,4-methyl-1-hexene,55.8,C=CCC(C)CC,3769-23-1,,3.0,alkenes,2.0
310,"2,2,3-trimethylbutane",55.3,CC(C)C(C)(C)C,464-06-2,,3.0,linear alkanes,2.0
311,"3,4-dimethylhexane",55.2,CCC(C)C(C)CC,583-48-2,,3.0,linear alkanes,2.0
312,2-pentyne,54.7,CC#CCC,627-21-4,,3.0,alkynes/alkadienes,2.0
313,cis 4-methyl-2-pentene,54.1,C/C=C\C(C)C,691-38-3,,3.0,alkenes,2.0
314,sec-butyl ether,54.0,CCC(C)OC(C)CC,6863-58-7,,3.0,saturated ethers,2.0
315,3-methyl-2-pentene,53.7,C/C=C(\C)CC,922-61-2,,3.0,alkenes,2.0
316,2-methyl-2-pentene,53.6,CCC=C(C)C,625-27-4,,3.0,alkenes,2.0
317,methylcyclohexane,53.6,CC1CCCCC1,108-87-2,,3.0,cyclic alkanes,2.0
318,trans 3-heptene,53.5,CC/C=C/CCC,14686-14-7,,3.0,alkenes,2.0
319,"2,3-dimethyl-1-butene",53.4,C=C(C)C(C)C,563-78-0,,3.0,alkenes,2.0
320,"3,3-dimethyl-1-butene",53.1,C=CC(C)(C)C,558-37-2,,3.0,alkenes,2.0
321,"2,2-dimethylhexane",52.8,CCCCC(C)(C)C,590-73-8,,3.0,linear alkanes,2.0
322,decanal,52.8,CCCCCCCCCC=O,112-31-2,,3.0,saturated aldehyde,2.0
323,2-decanone,51.9,CCCCCCCCC(C)=O,693-54-9,,3.0,saturated alkanone,2.0
324,cis 2-heptene,50.8,C/C=C\CCCC,6443-92-1,,3.0,alkenes,2.0
325,2-propyl-1-pentanol,50.5,CCCC(CO)CCC,58175-57-8,,3.0,saturated alcohols,2.0
326,2-ethyl-1-hexanol,50.4,CCCCC(CC)CO,104-76-7,,3.0,saturated alcohols,2.0
327,methylcyclopentane,50.3,CC1CCCC1,96-37-7,,3.0,cyclic alkanes,2.0
328,3-decanone,50.2,CCCCCCCC(=O)CC,928-80-3,,3.0,saturated alkanone,2.0
329,4-methyl-1-pentene,50.2,C=CCC(C)C,691-37-2,,3.0,alkenes,2.0
330,n-nonane,50.1,CCCCCCCCC,111-84-2,,3.0,linear alkanes,2.0
331,cycloheptane,50.0,C1CCCCCC1,291-64-5,,3.0,cyclic alkanes,2.0
332,"2,4-dimethylpentane",49.6,CC(C)CC(C)C,108-08-7,,3.0,linear alkanes,2.0
333,"2,3-dimethylpentane",49.4,CCC(C)C(C)C,565-59-3,,3.0,linear alkanes,2.0
334,2-methylheptane,49.4,CCCCCC(C)C,592-27-8,,3.0,linear alkanes,2.0
335,2-methyl-1-hexene,49.1,C=C(C)CCCC,2/6/6094,,3.0,alkenes,2.0
336,3-methylheptane,48.7,CCCCC(C)CC,589-81-1,,3.0,linear alkanes,2.0
337,1-heptene,48.4,C=CCCCCC,592-76-7,,3.0,alkenes,2.0
338,2-butylhexanal,48.2,CCCCC(C=O)CCCC,18459-51-3,,3.0,saturated aldehyde,2.0
339,4-methylheptane,48.1,CCCC(C)CCC,589-53-7,,3.0,linear alkanes,2.0
340,"3,3-dimethylpentane",47.7,CCC(C)(C)CC,562-49-2,,3.0,linear alkanes,2.0
341,"2,2-dimethylpentane",47.4,CCCC(C)(C)C,590-35-2,,3.0,linear alkanes,2.0
342,1-pentyne,47.3,C#CCCC,627-19-0,,3.0,alkynes/alkadienes,2.0
343,trans 3-hexene,47.2,CC/C=C/CC,13269-52-8,,3.0,alkenes,2.0
344,2-octanol,46.1,CCCCCCC(C)O,123-96-6,,3.0,saturated alcohols,2.0
345,"2,2-dimethyl-3-pentanol",46.0,CCC(O)C(C)(C)C,3970-62-5,,3.0,saturated alcohols,2.0
346,trans 2-hexene,45.8,C/C=C/CCC,4050-45-7,,3.0,alkenes,2.0
347,2-ethyl-1-butene,45.6,C=C(CC)CC,760-21-4,,3.0,alkenes,2.0
348,cyclohexene,45.6,C1=CCCCC1,110-83-8,,3.0,cyclic alkenes,2.0
349,methyl-3-hexenoate,45.3,CC/C=C/CC(=O)OC,2396-78-3,,4.0,unsaturated esters,2.0
350,2-nonanone,45.1,CCCCCCCC(C)=O,821-55-6,,3.0,saturated alkanone,2.0
351,3-methyl-1-pentene,45.1,C=CC(C)CC,760-20-3,,3.0,alkenes,2.0
352,5-methyl-2-hexanol,44.7,CC(C)CCC(C)O,627-59-8,,3.0,saturated alcohols,2.0
353,cis 2-hexene,44.7,C/C=C\CCC,7688-21-3,,3.0,alkenes,2.0
354,1-tert-butoxy-2-propanol,44.0,CC(O)COC(C)(C)C,57018-52-7,,3.0,other multi-oxygen compounds,2.0
355,"2,3-dimethylbutane",44.0,CC(C)C(C)C,79-29-8,,3.0,linear alkanes,2.0
356,4-octanol,43.8,CCCCC(O)CCC,589-62-8,,3.0,saturated alcohols,2.0
357,nonanal,43.7,CCCCCCCCC=O,124-19-6,,3.0,saturated aldehyde,2.0
358,3-octanol,43.6,CCCCCC(O)CC,589-98-0,,3.0,saturated alcohols,2.0
359,isopentyl acetate,43.6,CC(=O)OCCC(C)C,123-92-2,,3.0,saturated esters,2.0
360,2-methyl-2-butene,43.5,CC=C(C)C,513-35-9,,3.0,alkenes,2.0
361,5-methyl-3-heptanone,43.5,CCC(=O)CC(C)CC,541-85-5,,3.0,saturated alkanone,2.0
362,"2,2-dimethylbutane",43.4,CCC(C)(C)C,75-83-2,,3.0,linear alkanes,2.0
363,butyl propionate,43.3,CCCCOC(=O)CC,590-01-2,,3.0,saturated esters,2.0
364,3-methylhexane,43.0,CCCC(C)CC,589-34-4,,3.0,linear alkanes,2.0
365,3-nonanone,43.0,CCCCCCC(=O)CC,925-78-0,,3.0,saturated alkanone,2.0
366,2-methyl-1-pentene,42.9,C=C(C)CCC,763-29-1,,3.0,alkenes,2.0
367,"4,4-dimethyl-2-pentanone",42.7,CC(=O)CC(C)(C)C,590-50-1,,3.0,saturated alkanone,2.0
368,cyclohexane,42.7,C1CCCCC1,110-82-7,,3.0,cyclic alkanes,2.0
369,"2,4-dimethyl-3-pentanone",42.6,CC(C)C(=O)C(C)C,565-80-0,,3.0,saturated alkanone,2.0
370,n-octane,42.6,CCCCCCCC,111-65-9,,3.0,linear alkanes,2.0
371,1-hexene,42.4,C=CCCCC,592-41-6,,3.0,alkenes,2.0
372,2-methylhexane,42.4,CCCCC(C)C,591-76-4,,3.0,linear alkanes,2.0
373,cyclohexanol,42.3,OC1CCCCC1,108-93-0,,3.0,saturated alcohols,2.0
374,4-methyl-2-pentanol,42.0,CC(C)CC(C)O,108-11-2,,3.0,saturated alcohols,2.1
375,methyl-2-methyl-2-pentenoate,42.0,CCC=C(C)C(=O)OC,1567-14-2,,4.0,unsaturated esters,2.1
376,"2,4-dimethyl-3-pentanol",41.9,CC(C)C(O)C(C)C,600-36-2,,3.0,saturated alcohols,2.1
377,2-methyl-2-hexanol,41.8,CCCCC(C)(C)O,625-23-0,,3.0,saturated alcohols,2.1
378,5-nonanone,41.8,CCCCC(=O)CCCC,502-56-7,,3.0,saturated alkanone,2.1
379,2-ethyl-1-butanol,41.7,CCC(CC)CO,97-95-0,,3.0,saturated alcohols,2.1
380,ethyl-4-pentenoate,41.2,C=CCCC(=O)OCC,1968-40-7,,4.0,unsaturated esters,2.1
381,1-octanol,41.1,CCCCCCCCO,111-87-5,,3.0,saturated alcohols,2.1
382,isobutyl propionate,41.1,CCC(=O)OCC(C)C,540-42-1,,3.0,saturated esters,2.1
383,"3,3-dimethyl-1-butanol",40.9,CC(C)(C)CCO,624-95-3,,3.0,saturated alcohols,2.1
384,"2,3-dimethyl-2-butanol",40.6,CC(C)C(C)(C)O,594-60-5,,3.0,saturated alcohols,2.1
385,"3,3-dimethyl-2-butanone",40.6,CC(=O)C(C)(C)C,75-97-8,,3.0,saturated alkanone,2.1
386,3-ethyl-3-pentanol,40.5,CCC(O)(CC)CC,597-49-9,,3.0,saturated alcohols,2.1
387,tert-butyl propionate,40.5,CCC(=O)OC(C)(C)C,20487-40-5,,3.0,saturated esters,2.1
388,"3,3-dimethyl-2-butanol",40.4,CC(O)C(C)(C)C,464-07-3,,3.0,saturated alcohols,2.1
389,pentyl acetate,40.4,CCCCCOC(C)=O,628-63-7,,3.0,saturated esters,2.1
390,cis 2-pentene,39.8,C/C=C\CC,627-20-3,,3.0,alkenes,2.1
391,ethyl-3-methyl-2-butenoate,39.5,CCOC(=O)C=C(C)C,638-10-8,,4.0,unsaturated esters,2.1
392,2-heptanol,39.4,CCCCCC(C)O,543-49-7,,3.0,saturated alcohols,2.1
393,cyclopentane,39.4,C1CCCC1,287-92-3,,3.0,cyclic alkanes,2.1
394,methyl-5-hexenoate,39.2,C=CCCCC(=O)OC,2396-80-7,,4.0,unsaturated esters,2.1
395,methyl octanoate,38.9,CCCCCCCC(=O)OC,111-11-5,,3.0,saturated esters,2.1
396,methyl-3-pentenoate,38.8,C/C=C/CC(=O)OC,818-58-6,,4.0,unsaturated esters,2.1
397,dibutyl ether,38.7,CCCCOCCCC,142-96-1,,3.0,saturated ethers,2.1
398,diisopropyl ether,38.7,CC(C)OC(C)C,108-20-3,,3.0,saturated ethers,2.1
399,3-heptanol,38.5,CCCCC(O)CC,589-82-2,,3.0,saturated alcohols,2.1
400,4-heptanol,38.5,CCCC(O)CCC,589-55-9,,3.0,saturated alcohols,2.1
401,"3,3-dimethylbutanal",38.4,CC(C)(C)CC=O,2987-16-8,,3.0,saturated aldehyde,2.1
402,3-methylpentane,38.2,CCC(C)CC,96-14-0,,3.0,linear alkanes,2.1
403,isopentyl formate,38.2,CC(C)CCOC=O,110-45-2,,3.0,saturated esters,2.1
404,methyl tert-amyl ether,38.1,CCC(C)(C)OC,994-05-8,,3.0,saturated ethers,2.1
405,methyl-2-methyl-2-butenoate,38.0,C/C=C(/C)C(=O)OC,6622-76-0,,4.0,unsaturated esters,2.1
406,2-octanone,37.9,CCCCCCC(C)=O,111-13-7,,3.0,saturated alkanone,2.1
407,tert-butyl ethyl ether,37.9,CCOC(C)(C)C,637-92-3,,3.0,saturated ethers,2.1
408,3-methyl-2-pentanol,37.7,CCC(C)C(C)O,565-60-6,,3.0,saturated alcohols,2.1
409,octanal,37.5,CCCCCCCC=O,124-13-0,,3.0,saturated aldehyde,2.1
410,propyl butyrate,37.3,CCCOC(=O)CCC,105-66-8,,3.0,saturated esters,2.1
411,propyl-2-methyl-2-propenoate,37.1,C=C(C)C(=O)OCCC,2210-28-8,,4.0,unsaturated esters,2.1
412,2-methylpentane,36.7,CCCC(C)C,107-83-5,,3.0,linear alkanes,2.1
413,2-ethylhexanal,36.6,CCCCC(C=O)CC,123-05-7,,3.0,saturated aldehyde,2.1
414,ethyl isopentanoate,36.6,CCOC(=O)CC(C)C,108-64-5,,3.0,saturated esters,2.1
415,2-methyl-2-pentanol,36.4,CCCC(C)(C)O,590-36-3,,3.0,saturated alcohols,2.1
416,methyl-3-methyl-2-butenoate,36.4,COC(=O)C=C(C)C,924-50-5,,4.0,unsaturated esters,2.1
417,3-methyl-1-pentanol,36.3,CCC(C)CCO,589-35-5,,3.0,saturated alcohols,2.1
418,isopropyl butyrate,36.3,CCCC(=O)OC(C)C,638-11-9,,3.0,saturated esters,2.1
419,3-octanone,36.0,CCCCCC(=O)CC,106-68-3,,3.0,saturated alkanone,2.2
420,butyl acetate,36.0,CCCCOC(C)=O,123-86-4,,3.0,saturated esters,2.2
421,n-heptane,36.0,CCCCCCC,142-82-5,,3.0,linear alkanes,2.2
422,2-methyl-3-hexanone,35.9,CCCC(=O)C(C)C,12/6/7379,,3.0,saturated alkanone,2.2
423,methyl-2-hexenoate,35.9,CCC/C=C/C(=O)OC,13894-63-8,,4.0,unsaturated esters,2.2
424,2-methyl-1-pentanol,35.8,CCCC(C)CO,105-30-6,,3.0,saturated alcohols,2.2
425,pentyl formate,35.7,CCCCCOC=O,638-49-3,,3.0,saturated esters,2.2
426,4-methyl-1-pentanol,35.6,CC(C)CCCO,626-89-1,,3.0,saturated alcohols,2.2
427,sec-butyl acetate,34.9,CCC(C)OC(C)=O,105-46-4,,3.0,saturated esters,2.2
428,isobutyl acetate,34.8,CC(=O)OCC(C)C,110-19-0,,3.0,saturated esters,2.2
429,1-heptanol,34.7,CCCCCCCO,111-70-6,,3.0,saturated alcohols,2.2
430,dipropyl carbonate,34.5,CCCOC(=O)OCCC,623-96-1,,3.0,other multi-oxygen compounds,2.2
431,cyclohexanone,34.3,O=C1CCCCC1,108-94-1,,3.0,saturated alkanone,2.2
432,2-hexanol,34.1,CCCCC(C)O,626-93-7,,3.0,saturated alcohols,2.2
433,ethyl-2-methyl-2-butenoate,34.0,C/C=C(\C)C(=O)OCC,5837-78-5,,4.0,unsaturated esters,2.2
434,3-hexanol,33.9,CCCC(O)CC,623-37-0,,3.0,saturated alcohols,2.2
435,heptanal,33.8,CCCCCCC=O,111-71-7,,3.0,saturated aldehyde,2.2
436,methyl-2-pentenoate,33.6,CC/C=C/C(=O)OC,15790-88-2,,4.0,unsaturated esters,2.2
437,3-methyl-2-butanol,33.3,CC(C)C(C)O,598-75-4,,3.0,saturated alcohols,2.2
438,methyl-4-pentenoate,33.3,C=CCCC(=O)OC,818-57-5,,4.0,unsaturated esters,2.2
439,3-methoxy-3-methyl-1-butanol,33.2,COC(C)(C)CCO,56539-66-3,,3.0,other multi-oxygen compounds,2.2
440,2-methyl-2-butanol,32.9,CCC(C)(C)O,75-85-4,,3.0,saturated alcohols,2.2
441,4-methyl-2-pentanone,32.8,CC(=O)CC(C)C,108-10-1,,3.0,saturated alkanone,2.2
442,tert-butyl acetate,32.7,CC(=O)OC(C)(C)C,540-88-5,,3.0,saturated esters,2.2
443,methyl heptanoate,32.5,CCCCCCC(=O)OC,106-73-0,,3.0,saturated esters,2.2
444,2-methyl-1-butanol,32.3,CCC(C)CO,137-32-6,,3.0,saturated alcohols,2.2
445,3-methyl-1-butanol,31.9,CC(C)CCO,123-51-3,,3.0,saturated alcohols,2.2
446,propyl propionate,31.9,CCCOC(=O)CC,106-36-5,,3.0,saturated esters,2.2
447,1-butoxy-2-propanol,31.7,CCCCOCC(C)O,5131-66-8,,3.0,other multi-oxygen compounds,2.2
448,methyl tert-butyl ether,31.5,COC(C)(C)C,1634-04-4,,3.0,saturated ethers,2.2
449,butyl formate,31.0,CCCCOC=O,592-84-7,,3.0,saturated esters,2.3
450,methyl trimethylacetate,30.8,COC(=O)C(C)(C)C,598-98-1,,3.0,saturated esters,2.3
451,2-methyl-3-pentanone,30.7,CCC(=O)C(C)C,565-69-5,,3.0,saturated alkanone,2.3
452,3-heptanone,30.7,CCCCC(=O)CC,106-35-4,,3.0,saturated alkanone,2.3
453,"2,2-dimethylpropanal",30.6,CC(C)(C)C=O,630-19-3,,3.0,saturated aldehyde,2.3
454,2-heptanone,30.4,CCCCCC(C)=O,110-43-0,,3.0,saturated alkanone,2.3
455,isobutyl formate,30.4,CC(C)COC=O,542-55-2,,3.0,saturated esters,2.3
456,n-hexane,30.4,CCCCCC,110-54-3,,3.0,linear alkanes,2.3
457,ethyl-2-butenoate,30.3,C/C=C/C(=O)OCC,623-70-1,,4.0,unsaturated esters,2.3
458,2-pentanol,30.2,CCCC(C)O,6032-29-7,,3.0,saturated alcohols,2.3
459,1-hexanol,30.0,CCCCCCO,111-27-3,,3.0,saturated alcohols,2.3
460,"2,2-dimethylbutyric acid",30.0,CCC(C)(C)C(=O)O,595-37-9,,3.0,saturated esters,2.3
461,propyl-2-propenoate,30.0,C=CC(=O)OCCC,925-60-0,,4.0,unsaturated esters,2.3
462,tert-butyl formate,30.0,CC(C)(C)OC=O,762-75-4,,3.0,saturated esters,2.3
463,ethyl 2-methylbutyrate,29.3,CCOC(=O)C(C)CC,7452-79-1,,3.0,saturated esters,2.3
464,3-pentanol,29.1,CCC(O)CC,584-02-1,,3.0,saturated alcohols,2.3
465,2-ethylbutanal,29.0,CCC(C=O)CC,97-96-1,,3.0,saturated aldehyde,2.3
466,3-methyl-2-pentanone,29.0,CCC(C)C(C)=O,565-61-7,,3.0,saturated alkanone,2.3
467,methyl-2-methyl-2-propenoate,29.0,C=C(C)C(=O)OC,80-62-6,,4.0,unsaturated esters,2.3
468,methyl sec-butyl ether,28.6,CCC(C)OC,6795-87-5,,3.0,saturated ethers,2.3
469,4-heptanone,28.5,CCCC(=O)CCC,123-19-3,,3.0,saturated alkanone,2.3
470,ethyl pentanoate,28.4,CCCCC(=O)OCC,539-82-2,,3.0,saturated esters,2.3
471,methyl isopentanoate,28.4,COC(=O)CC(C)C,556-24-1,,3.0,saturated esters,2.3
472,dipropyl ether,28.0,CCCOCCC,111-43-3,,3.0,saturated ethers,2.3
473,3-methylbutanal,27.9,CC(C)CC=O,590-86-3,,3.0,saturated aldehyde,2.3
474,2-methylpentanal,27.6,CCCC(C)C=O,123-15-9,,3.0,saturated aldehyde,2.3
475,tert-butanol,27.5,CC(C)(C)O,75-65-0,,3.0,saturated alcohols,2.3
476,"1,1-diethoxypropane",27.3,CCOC(CC)OCC,8/5/4744,,3.0,other multi-oxygen compounds,2.4
477,methyl-2-butenoate,27.3,C/C=C/C(=O)OC,623-43-8,,4.0,unsaturated esters,2.4
478,hexanal,26.7,CCCCCC=O,66-25-1,,3.0,saturated aldehyde,2.4
479,methyl hexanoate,26.7,CCCCCC(=O)OC,106-70-7,,3.0,saturated esters,2.4
480,3-methyl-2-butanone,26.6,CC(=O)C(C)C,563-80-4,,3.0,saturated alkanone,2.4
481,tetrahydropyran,26.5,C1CCOCC1,142-68-7,,3.0,cyclic saturated ethers,2.4
482,2-methyl-1-propanol,26.2,CC(C)CO,78-83-1,,3.0,saturated alcohols,2.4
483,ethyl isobutyrate,26.1,CCOC(=O)C(C)C,97-62-1,,3.0,saturated esters,2.4
484,2-ethylbutyric acid,25.9,CCC(CC)C(=O)O,88-09-5,,3.0,saturated esters,2.4
485,1-propoxy-2-propanol,25.8,CCCOCC(C)O,1569-01-3,,3.0,other multi-oxygen compounds,2.4
486,2-hexanone,25.6,CCCCC(C)=O,591-78-6,,3.0,saturated alkanone,2.4
487,2-isopropoxyethanol,25.5,CC(C)OCCO,109-59-1,,3.0,other multi-oxygen compounds,2.4
488,3-hexanone,25.5,CCCC(=O)CC,589-38-8,,3.0,saturated alkanone,2.4
489,ethyl butyrate,25.5,CCCC(=O)OCC,105-54-4,,3.0,saturated esters,2.4
490,1-pentanol,25.4,CCCCCO,71-41-0,,3.0,saturated alcohols,2.4
491,ethyl-2-methyl-2-propenoate,25.4,C=C(C)C(=O)OCC,97-63-2,,4.0,unsaturated esters,2.4
492,(S)-2-butanol,25.3,CC[C@H](C)O,4221-99-2,,3.0,saturated alcohols,2.4
493,2-butoxyethanol,25.3,CCCCOCCO,111-76-2,,3.0,other multi-oxygen compounds,2.4
494,(R)-2-butanol,25.2,CC[C@@H](C)O,14898-79-4,,3.0,saturated alcohols,2.4
495,methyl 2-methylbutyrate,24.9,CCC(C)C(=O)OC,868-57-5,,3.0,saturated esters,2.4
496,2-butanol,24.8,CCC(C)O,78-92-2,,3.0,saturated alcohols,2.4
497,n-pentane,24.6,CCCCC,109-66-0,,3.0,linear alkanes,2.4
498,propyl acetate,24.4,CCCOC(C)=O,109-60-4,,3.0,saturated esters,2.4
499,isopropyl acetate,23.7,CC(=O)OC(C)C,108-21-4,,3.0,saturated esters,2.5
500,methyl butyl ether,23.0,CCCCOC,628-28-4,,3.0,saturated ethers,2.5
501,2-methylbutanal,22.7,CCC(C)C=O,96-17-3,,3.0,saturated aldehyde,2.5
502,"1,1-diethoxyethane",22.4,CCOC(C)OCC,105-57-7,,3.0,other multi-oxygen compounds,2.5
503,methyl pentanoate,22.3,CCCCC(=O)OC,624-24-8,,3.0,saturated esters,2.5
504,methyl isobutyrate,22.2,COC(=O)C(C)C,547-63-7,,3.0,saturated esters,2.5
505,2-methoxytetrahydropyran,22.1,COC1CCCCO1,6581-66-4,,3.0,cyclic saturated ethers,2.5
506,1-butanol,22.0,CCCCO,71-36-3,,3.0,saturated alcohols,2.5
507,ethyl-2-propenoate,22.0,C=CC(=O)OCC,140-88-5,,4.0,unsaturated esters,2.5
508,isobutanal,21.2,CC(C)C=O,78-84-2,,3.0,saturated aldehyde,2.5
509,2-pentanone,21.1,CCCC(C)=O,107-87-9,,3.0,saturated alkanone,2.5
510,3-pentanone,21.1,CCC(=O)CC,96-22-0,,3.0,saturated alkanone,2.5
511,pentanal,21.1,CCCCC=O,110-62-3,,3.0,saturated aldehyde,2.5
512,"1,2-diethoxyethane",20.4,CCOCCOCC,629-14-1,,3.0,other multi-oxygen compounds,2.6
513,ethyl propionate,20.3,CCOC(=O)CC,105-37-3,,3.0,saturated esters,2.6
514,isopropyl formate,20.3,CC(C)OC=O,625-55-8,,3.0,saturated esters,2.6
515,propyl formate,20.3,CCCOC=O,110-74-7,,3.0,saturated esters,2.6
517,1-methoxy-2-butanol,19.8,CCC(O)COC,53778-73-7,,3.0,other multi-oxygen compounds,2.6
518,methyl-2-propenoate,19.4,C=CC(=O)OC,96-33-3,,4.0,unsaturated esters,2.6
519,2-propanol,19.2,CC(C)O,67-63-0,,3.0,saturated alcohols,2.6
520,"1,2-epoxybutane",18.8,CCC1CO1,106-88-7,,3.0,cyclic saturated ethers,2.6
521,isobutyric acid,18.8,CC(C)C(=O)O,79-31-2,,3.0,saturated esters,2.6
522,"1,2-dimethoxypropane",18.6,COCC(C)OC,7778-85-0,,3.0,other multi-oxygen compounds,2.6
523,methyl butyrate,18.6,CCCC(=O)OC,623-42-7,,3.0,saturated esters,2.6
524,diethoxymethane,18.5,CCOCOCC,462-95-3,,3.0,other multi-oxygen compounds,2.6
525,butyric acid,18.1,CCCC(=O)O,107-92-6,,3.0,saturated esters,2.6
526,methyl propyl ether,18.0,CCCOC,557-17-5,,3.0,saturated ethers,2.6
527,3-methoxy-1-propanol,17.9,COCCCO,1589-49-7,,3.0,other multi-oxygen compounds,2.6
528,butanal,17.6,CCCC=O,123-72-8,,3.0,saturated aldehyde,2.6
529,2-butanone,17.2,CCC(C)=O,78-93-3,,3.0,saturated alkanone,2.7
530,diethyl ether,16.8,CCOCC,60-29-7,,3.0,saturated ethers,2.7
531,1-methoxy-2-propanol,16.4,COCC(C)O,107-98-2,,3.0,other multi-oxygen compounds,2.7
532,"2,2-dimethoxypropane",16.4,COC(C)(C)OC,77-76-9,,3.0,other multi-oxygen compounds,2.7
533,1-propanol,16.2,CCCO,71-23-8,,3.0,saturated alcohols,2.7
534,diglyme,16.1,COCCOCCOC,111-96-6,,3.0,other multi-oxygen compounds,2.7
535,2-ethoxyethanol,15.7,CCOCCO,110-80-5,,3.0,other multi-oxygen compounds,2.7
536,diethyl carbonate,15.3,CCOC(=O)OCC,105-58-8,,3.0,other multi-oxygen compounds,2.7
537,2-(2-methoxyethoxy)-ethanol,15.0,COCCOCCO,111-77-3,,3.0,other multi-oxygen compounds,2.7
538,methyl propionate,15.0,CCC(=O)OC,554-12-1,,3.0,saturated esters,2.7
539,"1,1-dimethoxy-2-propanone",14.8,COC(OC)C(C)=O,6342-56-9,,3.0,other multi-oxygen compounds,2.7
540,tetramethoxymethane,14.8,COC(OC)(OC)OC,1850-14-2,,3.0,other multi-oxygen compounds,2.7
541,"1,1-dimethoxyethane",14.2,COC(C)OC,534-15-6,,3.0,other multi-oxygen compounds,2.8
542,propanal (propionaldehyde),13.9,CCC=O,123-38-6,,3.0,saturated aldehyde,2.8
543,"1,2-propanediol",13.7,CC(O)CO,57-55-6,,3.0,other multi-oxygen compounds,2.8
544,ethyl acetate,13.4,CCOC(C)=O,141-78-6,,3.0,saturated esters,2.8
545,2-propanone (acetone),13.0,CC(C)=O,67-64-1,,3.0,saturated alkanone,2.8
546,trimethoxymethane,12.8,COC(OC)OC,149-73-5,,3.0,other multi-oxygen compounds,2.8
547,"1,1,1-trimethoxyethane",12.7,COC(C)(OC)OC,1445-45-0,,3.0,other multi-oxygen compounds,2.8
548,"1,2-dimethoxyethane",11.8,COCCOC,110-71-4,,3.0,other multi-oxygen compounds,2.8
549,methyl acetate,11.7,COC(C)=O,79-20-9,,3.0,saturated esters,2.8
550,dimethoxymethane,10.9,COCOC,109-87-5,,3.0,other multi-oxygen compounds,2.9
551,dimethyl carbonate,10.5,COC(=O)OC,616-38-6,,3.0,other multi-oxygen compounds,2.9
552,"1,3-dioxolane",10.3,C1COCO1,646-06-0,,3.0,cyclic saturated ethers,2.9
553,ethanol,10.3,CCO,64-17-5,,3.0,saturated alcohols,2.9
554,2-hydroxy-methylpropionate,9.6,COC(=O)[C@H](C)O,27871-49-4,,3.0,other multi-oxygen compounds,2.9
555,ethyl formate,9.2,CCOC=O,109-94-4,,3.0,saturated esters,2.9
556,"1,2-ethanediol (ethylene glycol)",8.2,OCCO,107-21-1,,3.0,other multi-oxygen compounds,3.0
557,methanol,6.6,CO,67-56-1,,3.0,saturated alcohols,3.0
558,1-methyl-1-cyclohexene,62.0,CC1=CCCCC1,591-49-1,,,cyclic alkenes,3.0
559,1-tert-butyl-1-cyclohexene,161.0,CC(C)(C)C1=CCCCC1,3419-66-7,,,cyclic alkenes,5.0
560,1-phenyl-1-cyclohexene,468.0,C1=C(c2ccccc2)CCCC1,771-98-2,,,cyclic alkenes,14.0
561,cyclooctene,78.0,C1=C\CCCCCC/1,931-88-4,,,cyclic alkenes,4.0
562,3-methyl-1-cyclohexene,85.0,CC1C=CCCC1,591-48-0,,,cyclic alkenes,4.0
563,4-methyl-1-cyclohexene,61.0,CC1CC=CCC1,591-47-9,,,cyclic alkenes,3.0
564,cycloheptene,79.0,C1=CCCCCC1,628-92-2,,,cyclic alkenes,4.0
565,cyclopentanone,22.0,O=C1CCCC1,120-92-3,,,cyclic ketone,4.0
567,2-methyl-3-buten-2-ol,25.0,C=CC(C)(C)O,115-18-4,,,unsaturated alcohol,4.0
575,"N,N-diethylethanamine",25.5,CCN(CC)CC,121-44-8,,,saturated amine,5.0
580,diethylamine,13.2,CCNCC,109-89-7,,,saturated amine,5.0
584,"N,N-dimethylbutylamine",26.1,CCCCN(C)C,927-62-8,,,saturated amine,5.0
588,1-methylpiperidine,27.9,CN1CCCCC1,626-67-5,,,cyclic amine,5.0
593,N-methylallylamine,25.3,C=CCNC,627-37-2,,,unsaturated amine,5.0
595,N-ethylbutylamine,22.1,CCCCNCC,13360-63-9,,,saturated amine,5.0
